fold,best_epoch,val_auc,val_acc,sensitivity,specificity,train_size,val_size
1,2,0.5178571428571428,0.3783783783783784,0.75,0.09523809523809523,163,37
2,18,0.569047619047619,0.5609756097560976,0.5714285714285714,0.55,159,41
3,2,0.5504807692307692,0.38095238095238093,0.0,1.0,158,42
4,20,0.49750000000000005,0.425,0.65,0.2,160,40
5,7,0.5447570332480819,0.55,0.6470588235294118,0.4782608695652174,160,40
