{
  "model": "conch",
  "folds": 5,
  "epochs": 50,
  "lr": 0.0001,
  "weight_decay": 0.0001,
  "hidden_dim": 256,
  "attn_dim": 128,
  "dropout": 0.25,
  "patience": 10,
  "seed": 42,
  "entropy_lambda": 1e-05,
  "grad_clip": 1.0,
  "label_smoothing": 0.05,
  "num_slides": 200,
  "num_patients": 194,
  "mean_auc": 0.5359285128767225,
  "std_auc": 0.025258310104999116,
  "mean_acc": 0.45906127381737144,
  "std_acc": 0.0805323325436767,
  "mean_sensitivity": 0.5236974789915967,
  "std_sensitivity": 0.2679255440757359,
  "mean_specificity": 0.46469979296066255,
  "std_specificity": 0.3164093128381165,
  "pooled_auc": 0.4812
}