file_id,file_name,file_size_gb,case_id,submitter_id,project_id,sample_type,experimental_strategy,melanoma_label,source_group,prame_tpm,prame_group,prame_label,has_prame,prame_source,download_url
1c451cf0-f212-482c-b163-1abfbbbbb31d,TCGA-HR-A5NC-01Z-00-DX1.F8577EB3-C670-4DDB-9EDD-B8681CE2D664.svs,0.0444274265319108,2c8d436c-4edb-4083-b23f-9a33307d5bb2,TCGA-HR-A5NC,TCGA-SKCM,Primary Tumor,Diagnostic Slide,1,skcm_melanoma,632.4634,high,1,True,tcga,https://api.gdc.cancer.gov/data/1c451cf0-f212-482c-b163-1abfbbbbb31d
c8e9936f-4ff9-4c80-86de-f0f5f10cfc45,TCGA-EE-A3J5-06Z-00-DX1.47202780-2B18-4661-AD4E-2AF8D1A7C9E5.svs,0.0857960041612386,d6283ab0-9019-4ad2-93aa-2e6b39cd9641,TCGA-EE-A3J5,TCGA-SKCM,Primary Tumor,Diagnostic Slide,1,skcm_melanoma,162.1873,low,0,True,tcga,https://api.gdc.cancer.gov/data/c8e9936f-4ff9-4c80-86de-f0f5f10cfc45
de30f717-3bbc-4298-825a-15c4124ddbde,TCGA-DA-A95Z-01Z-00-DX1.E34FE26D-097D-4469-8ED3-5AA2EA346033.svs,0.0697783483192324,668701cf-9c73-4caf-8482-3f478235909a,TCGA-DA-A95Z,TCGA-SKCM,Primary Tumor,Diagnostic Slide,1,skcm_melanoma,1152.5981,high,1,True,tcga,https://api.gdc.cancer.gov/data/de30f717-3bbc-4298-825a-15c4124ddbde
c8d4270a-6b4b-4b6a-9051-52abf6d8d0ad,TCGA-EE-A3J8-01Z-00-DX1.4FAFDA16-1B9B-4D5C-9763-8390729E0F05.svs,0.0977799268439412,0d68acef-b6a0-4a8b-9088-15b9103e6aaf,TCGA-EE-A3J8,TCGA-SKCM,Primary Tumor,Diagnostic Slide,1,skcm_melanoma,0.0,low,0,True,tcga,https://api.gdc.cancer.gov/data/c8d4270a-6b4b-4b6a-9051-52abf6d8d0ad
df1ed7ae-406f-4fd0-a89f-2d87752ea7fc,TCGA-BF-AAP2-01Z-00-DX1.EFDAA5ED-1360-4D86-8515-BF57CA1E4B5A.svs,0.1308861160650849,7c6e2fe9-d1ff-4bf4-bda1-cc3615eb3584,TCGA-BF-AAP2,TCGA-SKCM,Primary Tumor,Diagnostic Slide,1,skcm_melanoma,705.906,high,1,True,tcga,https://api.gdc.cancer.gov/data/df1ed7ae-406f-4fd0-a89f-2d87752ea7fc
fad5ede8-cb42-45f2-b98a-ca3ee5068d67,TCGA-BF-A1PV-01Z-00-DX1.58ECB5AA-6FCE-419B-8DD0-6B8F6BC430CC.svs,0.1062749298289418,eff78af6-0f68-49b9-866b-0d511606f2b1,TCGA-BF-A1PV,TCGA-SKCM,Primary Tumor,Diagnostic Slide,1,skcm_melanoma,193.6851,low,0,True,tcga,https://api.gdc.cancer.gov/data/fad5ede8-cb42-45f2-b98a-ca3ee5068d67
e7e3a29e-a65e-4930-85e4-bd8342163a23,TCGA-DA-A1HW-01Z-00-DX1.5AB192DF-B8F9-47D2-96CC-3831E73BD640.svs,0.2052832366898656,800d3a17-269f-4d97-94ff-8585f20038d8,TCGA-DA-A1HW,TCGA-SKCM,Primary Tumor,Diagnostic Slide,1,skcm_melanoma,715.173,high,1,True,tcga,https://api.gdc.cancer.gov/data/e7e3a29e-a65e-4930-85e4-bd8342163a23
479cd025-1628-4d3f-903e-ac1e188355d7,TCGA-FW-A3R5-01Z-00-DX1.701DF0D8-5D3A-4FEA-BA55-0F8CB3961E81.svs,0.1102122385054826,e5bc45ce-8a14-40b5-b9b5-ce45609fef3a,TCGA-FW-A3R5,TCGA-SKCM,Primary Tumor,Diagnostic Slide,1,skcm_melanoma,197.4758,low,0,True,tcga,https://api.gdc.cancer.gov/data/479cd025-1628-4d3f-903e-ac1e188355d7
94581107-1852-4b1b-ad33-433ec2b063e4,TCGA-BF-A1PZ-01Z-00-DX1.7732293F-0BDD-4688-A112-5104C38E680B.svs,0.2533487128093838,455f982c-a067-46ac-bf89-3e535d0ffca0,TCGA-BF-A1PZ,TCGA-SKCM,Primary Tumor,Diagnostic Slide,1,skcm_melanoma,663.0074,high,1,True,tcga,https://api.gdc.cancer.gov/data/94581107-1852-4b1b-ad33-433ec2b063e4
7dc8f1ba-188f-43e7-afb5-4590197912a5,TCGA-EE-A3JH-01Z-00-DX1.C1558CB7-A35E-4EC2-A615-219D6FB0E06B.svs,0.1125386608764529,2e7cfa51-8965-4c11-8fef-077fd258fbe4,TCGA-EE-A3JH,TCGA-SKCM,Primary Tumor,Diagnostic Slide,1,skcm_melanoma,152.1093,low,0,True,tcga,https://api.gdc.cancer.gov/data/7dc8f1ba-188f-43e7-afb5-4590197912a5
40f08e8d-5c3f-4887-adee-a1092342b48f,TCGA-DA-A95V-01Z-00-DX1.E6E283D5-9367-4360-A6FD-100B6E9729BE.svs,0.2816307945176959,d7ade261-b624-4e47-8a82-591bf1a8faa4,TCGA-DA-A95V,TCGA-SKCM,Primary Tumor,Diagnostic Slide,1,skcm_melanoma,638.5329,high,1,True,tcga,https://api.gdc.cancer.gov/data/40f08e8d-5c3f-4887-adee-a1092342b48f
62dea1a2-256a-4636-921b-93e17fc8996f,TCGA-ER-A42K-01Z-00-DX1.D5B935EE-EB66-47CB-A3DD-BEBC6C067B10.svs,0.1305242655798792,691a5156-281d-4fd6-b44a-299a3e8dc3e3,TCGA-ER-A42K,TCGA-SKCM,Primary Tumor,Diagnostic Slide,1,skcm_melanoma,219.4257,low,0,True,tcga,https://api.gdc.cancer.gov/data/62dea1a2-256a-4636-921b-93e17fc8996f
bd66d913-888a-4890-b9a1-0182ddc29609,TCGA-D3-A2JH-06Z-00-DX1.52FC3D80-FB2B-4427-AABB-1396A200F3CD.svs,0.3021177500486374,3a27966b-2c4c-402f-b71b-df7925c36a7c,TCGA-D3-A2JH,TCGA-SKCM,Primary Tumor,Diagnostic Slide,1,skcm_melanoma,1015.1384,high,1,True,tcga,https://api.gdc.cancer.gov/data/bd66d913-888a-4890-b9a1-0182ddc29609
31fe0eff-5824-4ca4-9829-f42695fd8aca,TCGA-BF-A1PU-01Z-00-DX1.CB0A52E3-16A9-46B2-BBE1-149A6CAAB9CF.svs,0.1656033368781209,3dd5a206-d7f3-42f1-b9cc-4b31c76d495d,TCGA-BF-A1PU,TCGA-SKCM,Primary Tumor,Diagnostic Slide,1,skcm_melanoma,22.3938,low,0,True,tcga,https://api.gdc.cancer.gov/data/31fe0eff-5824-4ca4-9829-f42695fd8aca
50cbae4c-114f-43f5-913c-3461c474f4d4,TCGA-EE-A3JA-06Z-00-DX1.616ADF60-1EBE-4082-97D8-25AFEF393429.svs,0.310012187808752,41c4f51a-e908-42f9-9805-5cff5b12708c,TCGA-EE-A3JA,TCGA-SKCM,Primary Tumor,Diagnostic Slide,1,skcm_melanoma,675.2924,high,1,True,tcga,https://api.gdc.cancer.gov/data/50cbae4c-114f-43f5-913c-3461c474f4d4
efe0da8c-4021-46ff-b414-499e6284f98c,TCGA-DA-A3F2-01Z-00-DX1.49266E6B-AC10-41E8-B51A-7A2939535C05.svs,0.2205539913848042,a20aeafc-9a68-4af0-87ea-532ee835ebb2,TCGA-DA-A3F2,TCGA-SKCM,Primary Tumor,Diagnostic Slide,1,skcm_melanoma,0.4518,low,0,True,tcga,https://api.gdc.cancer.gov/data/efe0da8c-4021-46ff-b414-499e6284f98c
19c863c7-3ce7-44c4-aece-73fefdf6c569,TCGA-FW-A3I3-06Z-00-DX1.C00AB7EB-C272-4B74-B540-47B31D731EDB.svs,0.3576152510941028,436a0116-eada-4b8f-aafe-29eb7f3241c4,TCGA-FW-A3I3,TCGA-SKCM,Primary Tumor,Diagnostic Slide,1,skcm_melanoma,1038.3022,high,1,True,tcga,https://api.gdc.cancer.gov/data/19c863c7-3ce7-44c4-aece-73fefdf6c569
7090238a-5f2b-42c8-be03-94db423bd8aa,TCGA-DA-A95X-01Z-00-DX1.F66442E6-F0C9-4528-B000-E47FCAA964FD.svs,0.236814216710627,d241a660-1c84-44fa-a6b3-ec9284333bd2,TCGA-DA-A95X,TCGA-SKCM,Primary Tumor,Diagnostic Slide,1,skcm_melanoma,194.7368,low,0,True,tcga,https://api.gdc.cancer.gov/data/7090238a-5f2b-42c8-be03-94db423bd8aa
49574d29-c10c-4e63-822f-03b052b55ce9,TCGA-GF-A769-01Z-00-DX1.17FA4EC6-053F-4F98-AF08-FA609776CDB9.svs,0.4113203482702374,af852862-f01e-4ddd-82c6-9781c93ef20b,TCGA-GF-A769,TCGA-SKCM,Primary Tumor,Diagnostic Slide,1,skcm_melanoma,732.8964,high,1,True,tcga,https://api.gdc.cancer.gov/data/49574d29-c10c-4e63-822f-03b052b55ce9
0aebfeca-6b2a-4ab7-ae58-fca761c1faed,TCGA-FW-A5DY-01Z-00-DX1.57B7805F-0FAB-4F48-94E8-CD525A4FAE96.svs,0.2477142363786697,9a7656cf-75a4-4b1f-a2d2-25e3ec147e63,TCGA-FW-A5DY,TCGA-SKCM,Primary Tumor,Diagnostic Slide,1,skcm_melanoma,0.5466,low,0,True,tcga,https://api.gdc.cancer.gov/data/0aebfeca-6b2a-4ab7-ae58-fca761c1faed
95826eca-8b78-4917-9e88-0d90811c68c0,TCGA-EB-A6QZ-01Z-00-DX1.1773352D-5C62-4FC2-A377-2F73EFA5FCD2.svs,0.4144434006884694,800f3039-97e0-441e-8292-4ccf1bb4797a,TCGA-EB-A6QZ,TCGA-SKCM,Primary Tumor,Diagnostic Slide,1,skcm_melanoma,898.3895,high,1,True,tcga,https://api.gdc.cancer.gov/data/95826eca-8b78-4917-9e88-0d90811c68c0
4d0b6781-0a80-4455-88a7-c1113511eb4f,TCGA-D3-A3CC-06Z-00-DX1.6C3A3EDF-F69F-4719-B4A7-DC32118051CB.svs,0.2515057697892189,2d36cea4-73e9-493b-8433-0c2b911c0521,TCGA-D3-A3CC,TCGA-SKCM,Primary Tumor,Diagnostic Slide,1,skcm_melanoma,221.5888,low,0,True,tcga,https://api.gdc.cancer.gov/data/4d0b6781-0a80-4455-88a7-c1113511eb4f
6894bdcc-68dc-4ddc-b77c-e3383d90a64a,TCGA-DA-A1IA-01Z-00-DX1.5EC9E887-49D4-414D-B1AA-45EDCA84DA1A.svs,0.4190380303189158,2ea7ad21-3324-4eda-8c82-fc2ceea2fc73,TCGA-DA-A1IA,TCGA-SKCM,Primary Tumor,Diagnostic Slide,1,skcm_melanoma,660.2143,high,1,True,tcga,https://api.gdc.cancer.gov/data/6894bdcc-68dc-4ddc-b77c-e3383d90a64a
2e2b1176-4737-4148-a235-551f0279eb17,TCGA-BF-A3DJ-01Z-00-DX1.79340B5A-D0BC-410B-807E-D0B18239DBC4.svs,0.2635447671636939,62393dab-ab41-4785-9a57-aa4c25d223e9,TCGA-BF-A3DJ,TCGA-SKCM,Primary Tumor,Diagnostic Slide,1,skcm_melanoma,178.9492,low,0,True,tcga,https://api.gdc.cancer.gov/data/2e2b1176-4737-4148-a235-551f0279eb17
bcc3b964-14ab-4928-ad32-0830bc29cb23,TCGA-D3-A5GS-06Z-00-DX1.CA7E245E-86F6-4FB4-9BF9-BD8846FB023A.svs,0.4369155466556549,c03152cb-c6e6-47e2-a1cb-2354260a3661,TCGA-D3-A5GS,TCGA-SKCM,Primary Tumor,Diagnostic Slide,1,skcm_melanoma,806.5274,high,1,True,tcga,https://api.gdc.cancer.gov/data/bcc3b964-14ab-4928-ad32-0830bc29cb23
1f5b218b-71cb-40a0-bda8-4268585ccc71,TCGA-EE-A3JD-01Z-00-DX1.D4E5B644-C7EF-442D-91FB-594685CEBFD8.svs,0.2660904517397284,b8a1732f-c1cb-4a02-af4f-61b63d3d52df,TCGA-EE-A3JD,TCGA-SKCM,Primary Tumor,Diagnostic Slide,1,skcm_melanoma,76.5786,low,0,True,tcga,https://api.gdc.cancer.gov/data/1f5b218b-71cb-40a0-bda8-4268585ccc71
0abc867a-2c93-435c-a837-b0169923912b,TCGA-BF-AAOX-01Z-00-DX1.4B8CBB87-A525-4204-81DC-035B2C45C629.svs,0.4539617775008082,2e0f7da5-9078-4c7f-b074-565246529a83,TCGA-BF-AAOX,TCGA-SKCM,Primary Tumor,Diagnostic Slide,1,skcm_melanoma,961.025,high,1,True,tcga,https://api.gdc.cancer.gov/data/0abc867a-2c93-435c-a837-b0169923912b
e2cc58dd-de07-454c-9a7b-fb508144cd8d,TCGA-DA-A960-01Z-00-DX1.89BAEF28-636F-4A4D-B4D7-399073693D79.svs,0.3306016651913523,931e39cd-b0c4-437f-b6c5-9358d74ea533,TCGA-DA-A960,TCGA-SKCM,Primary Tumor,Diagnostic Slide,1,skcm_melanoma,176.9374,low,0,True,tcga,https://api.gdc.cancer.gov/data/e2cc58dd-de07-454c-9a7b-fb508144cd8d
2b0aea10-2963-4db4-8b40-f89ee679a67d,TCGA-EB-A5SE-01Z-00-DX1.2E10E7EF-B902-479F-ACBF-E852836FF7B9.svs,0.4604636495932936,fda160c9-efdc-4263-98f1-e38b00571b4d,TCGA-EB-A5SE,TCGA-SKCM,Primary Tumor,Diagnostic Slide,1,skcm_melanoma,1015.5328,high,1,True,tcga,https://api.gdc.cancer.gov/data/2b0aea10-2963-4db4-8b40-f89ee679a67d
e1ad3cc3-523c-42e5-93f6-69c4859ae95d,TCGA-BF-A5EO-01Z-00-DX1.1BA74189-485E-4ABF-8314-1E7F6BFF77EA.svs,0.336267095990479,8352cbb0-10e7-40bd-96f0-1e982ab4c07b,TCGA-BF-A5EO,TCGA-SKCM,Primary Tumor,Diagnostic Slide,1,skcm_melanoma,81.2013,low,0,True,tcga,https://api.gdc.cancer.gov/data/e1ad3cc3-523c-42e5-93f6-69c4859ae95d
b3f22fc1-f70c-4474-9bed-34fbf83c13bc,TCGA-EB-A44O-06Z-00-DX1.788C33F2-3766-4792-B8DF-52C5F3E8AEDB.svs,0.4606228973716497,c787c4da-c564-44f1-89eb-dd9da107acb1,TCGA-EB-A44O,TCGA-SKCM,Primary Tumor,Diagnostic Slide,1,skcm_melanoma,702.0693,high,1,True,tcga,https://api.gdc.cancer.gov/data/b3f22fc1-f70c-4474-9bed-34fbf83c13bc
c387719d-3c70-4dd8-b7cd-579ff8ced2d3,TCGA-D3-A2J8-06Z-00-DX1.5FB8E98F-EAFF-491F-856D-49A68542A3E1.svs,0.3911982774734497,affb02c3-ec15-465e-8296-6a32132d542e,TCGA-D3-A2J8,TCGA-SKCM,Primary Tumor,Diagnostic Slide,1,skcm_melanoma,159.7988,low,0,True,tcga,https://api.gdc.cancer.gov/data/c387719d-3c70-4dd8-b7cd-579ff8ced2d3
b62b15bc-d673-4107-b948-ddc794fdec66,TCGA-EB-A431-01Z-00-DX1.9D1E5A19-63AE-48C4-B478-357DCCC1EB70.svs,0.4648925764486193,96fc529a-6ad3-456f-a41a-63238ecbb9c4,TCGA-EB-A431,TCGA-SKCM,Primary Tumor,Diagnostic Slide,1,skcm_melanoma,847.8227,high,1,True,tcga,https://api.gdc.cancer.gov/data/b62b15bc-d673-4107-b948-ddc794fdec66
5c3d8d42-a5d5-49a0-a9c1-55e53cfb99df,TCGA-D3-A51J-06Z-00-DX1.A292E5D2-B00F-400B-875D-6C57E215A29E.svs,0.4857824966311455,2d8868ab-a7db-4cbd-a9af-cc485b29c177,TCGA-D3-A51J,TCGA-SKCM,Primary Tumor,Diagnostic Slide,1,skcm_melanoma,24.9331,low,0,True,tcga,https://api.gdc.cancer.gov/data/5c3d8d42-a5d5-49a0-a9c1-55e53cfb99df
93e09693-118d-4ad2-8cf2-24243947e97b,TCGA-D3-A8GL-06Z-00-DX1.B99BBB77-08A8-4B5C-B1DF-7CB5416CEFF1.svs,0.4846670627593994,14407399-b1f0-46bf-9179-8bf11c39d919,TCGA-D3-A8GL,TCGA-SKCM,Primary Tumor,Diagnostic Slide,1,skcm_melanoma,901.7341,high,1,True,tcga,https://api.gdc.cancer.gov/data/93e09693-118d-4ad2-8cf2-24243947e97b
4c11b0fd-bbba-4b6c-ae88-159303224b74,TCGA-XV-A9VZ-01Z-00-DX1.D8D2E930-0749-485E-B300-A40C037A7785.svs,0.503184505738318,4a2135bd-31ff-4564-9e87-1164b3422f61,TCGA-XV-A9VZ,TCGA-SKCM,Primary Tumor,Diagnostic Slide,1,skcm_melanoma,80.3792,low,0,True,tcga,https://api.gdc.cancer.gov/data/4c11b0fd-bbba-4b6c-ae88-159303224b74
57f7d3b6-3022-4c1b-ac2c-5ce5b265aa43,TCGA-WE-A8ZY-06Z-00-DX1.A17BD770-E488-4B3C-9FBA-0CDE316BC3EC.svs,0.4852219661697745,5f39db5b-e5c6-4b7c-acbc-a7c73b556829,TCGA-WE-A8ZY,TCGA-SKCM,Primary Tumor,Diagnostic Slide,1,skcm_melanoma,826.2864,high,1,True,tcga,https://api.gdc.cancer.gov/data/57f7d3b6-3022-4c1b-ac2c-5ce5b265aa43
3cdabb85-888e-4392-9fbe-bbf896579a8d,TCGA-D3-A51H-06Z-00-DX1.33682556-776F-42B4-BA36-05E973FF276E.svs,0.5081331692636013,50e4cdbc-b10b-4c6c-9981-68defa1a8fe0,TCGA-D3-A51H,TCGA-SKCM,Primary Tumor,Diagnostic Slide,1,skcm_melanoma,181.3563,low,0,True,tcga,https://api.gdc.cancer.gov/data/3cdabb85-888e-4392-9fbe-bbf896579a8d
7fc7ee68-a205-45fa-a41a-12fd667f02bc,TCGA-D3-A1Q5-06Z-00-DX1.A94CEB2F-27BA-4D90-B52F-3C8F86BD6F14.svs,0.58728913590312,238111f9-a08b-49b4-9035-cc43026330e7,TCGA-D3-A1Q5,TCGA-SKCM,Primary Tumor,Diagnostic Slide,1,skcm_melanoma,787.5813,high,1,True,tcga,https://api.gdc.cancer.gov/data/7fc7ee68-a205-45fa-a41a-12fd667f02bc
0e24042d-2f15-4635-a7bf-8f138055ab3d,TCGA-D3-A5GO-06Z-00-DX1.DF1F3837-B866-40F4-B2E7-244F94DD0065.svs,0.5297725014388561,854466bf-b943-4acb-b4f1-6b285cb813e3,TCGA-D3-A5GO,TCGA-SKCM,Primary Tumor,Diagnostic Slide,1,skcm_melanoma,161.4165,low,0,True,tcga,https://api.gdc.cancer.gov/data/0e24042d-2f15-4635-a7bf-8f138055ab3d
f3a53d50-c9aa-47cc-8cc8-0f933f7eb105,TCGA-EB-A44O-01Z-00-DX1.A07646AF-D30D-4C44-B8F6-B81D3F2A4F5D.svs,0.6023840932175517,c787c4da-c564-44f1-89eb-dd9da107acb1,TCGA-EB-A44O,TCGA-SKCM,Primary Tumor,Diagnostic Slide,1,skcm_melanoma,702.0693,high,1,True,tcga,https://api.gdc.cancer.gov/data/f3a53d50-c9aa-47cc-8cc8-0f933f7eb105
7927aef9-b8d4-4231-90fa-59e3f25970e1,TCGA-FW-A3TU-01Z-00-DX1.ACF63772-CD4E-4863-8B06-869E288A70F1.svs,0.5323868580162525,511aa521-f38d-4ab7-9611-d8c1fec4c22b,TCGA-FW-A3TU,TCGA-SKCM,Primary Tumor,Diagnostic Slide,1,skcm_melanoma,115.2936,low,0,True,tcga,https://api.gdc.cancer.gov/data/7927aef9-b8d4-4231-90fa-59e3f25970e1
7a957c2f-a2a6-4f7b-ab65-4b5c9229f4c5,TCGA-D3-A5GU-06Z-00-DX1.17B59BCE-262E-4575-ABDE-7F01BDAEAF1E.svs,0.6171780694276094,6ac4e3df-6c43-4c73-8f4c-f89c3626f2d5,TCGA-D3-A5GU,TCGA-SKCM,Primary Tumor,Diagnostic Slide,1,skcm_melanoma,770.3301,high,1,True,tcga,https://api.gdc.cancer.gov/data/7a957c2f-a2a6-4f7b-ab65-4b5c9229f4c5
4465db67-b865-48c9-af75-846170f8bb92,TCGA-D3-A8GK-06Z-00-DX1.EB94CDEC-CA59-4901-B979-0B22132BCA0E.svs,0.5518731810152531,6ec931e1-7a6f-47a8-8b30-f37271a50881,TCGA-D3-A8GK,TCGA-SKCM,Primary Tumor,Diagnostic Slide,1,skcm_melanoma,119.066,low,0,True,tcga,https://api.gdc.cancer.gov/data/4465db67-b865-48c9-af75-846170f8bb92
39599fc3-60c6-4fb6-958d-33d439b72ff2,TCGA-EB-A3XE-01Z-00-DX1.DC27C8AE-FA5B-438A-8C90-B5E66E9F489C.svs,0.6232146164402366,caaf50a4-13b5-4003-b52f-e5f9780f9f94,TCGA-EB-A3XE,TCGA-SKCM,Primary Tumor,Diagnostic Slide,1,skcm_melanoma,762.6388,high,1,True,tcga,https://api.gdc.cancer.gov/data/39599fc3-60c6-4fb6-958d-33d439b72ff2
5d640ad6-11d2-4256-848c-042f90c51b2c,TCGA-HR-A2OG-01Z-00-DX1.EB2F7E73-16CF-4E26-B3E0-87045C07FE66.svs,0.5703943725675344,021d32b0-a94a-4dad-95f4-8eb0abd894bf,TCGA-HR-A2OG,TCGA-SKCM,Primary Tumor,Diagnostic Slide,1,skcm_melanoma,48.616,low,0,True,tcga,https://api.gdc.cancer.gov/data/5d640ad6-11d2-4256-848c-042f90c51b2c
e4def988-80f3-476f-81e7-cb8b158dcdad,TCGA-FR-A726-01Z-00-DX1.E547BCFB-C27E-4115-9C11-C192587FB32C.svs,0.6420788913965225,49f961af-1126-431d-93cd-18941c1738f3,TCGA-FR-A726,TCGA-SKCM,Primary Tumor,Diagnostic Slide,1,skcm_melanoma,718.365,high,1,True,tcga,https://api.gdc.cancer.gov/data/e4def988-80f3-476f-81e7-cb8b158dcdad
8db466fa-e1ef-4691-b707-1170d7841ac3,TCGA-EB-A3HV-01Z-00-DX1.5DBE221C-26F1-4570-90CB-74F06CF96567.svs,0.5771256471052766,b53cf25c-929c-4f1a-870e-13f260c5cf7d,TCGA-EB-A3HV,TCGA-SKCM,Primary Tumor,Diagnostic Slide,1,skcm_melanoma,44.4454,low,0,True,tcga,https://api.gdc.cancer.gov/data/8db466fa-e1ef-4691-b707-1170d7841ac3
3650d006-3b5d-40cd-9cad-fb98937f3737,TCGA-EB-A4P0-01Z-00-DX1.9B525DEA-619A-43B6-B9C4-BB98511DEE56.svs,0.6505921399220824,debd7156-8b97-4bdf-9dd9-7e469277d252,TCGA-EB-A4P0,TCGA-SKCM,Primary Tumor,Diagnostic Slide,1,skcm_melanoma,1048.8498,high,1,True,tcga,https://api.gdc.cancer.gov/data/3650d006-3b5d-40cd-9cad-fb98937f3737
d4518876-72b7-4086-90fb-9402d004e477,TCGA-GF-A6C9-06Z-00-DX1.87770B34-BB1A-4719-939F-68AE6BF567F9.svs,0.5817462680861354,46801be1-f035-421f-aae4-81baf3bb8d40,TCGA-GF-A6C9,TCGA-SKCM,Primary Tumor,Diagnostic Slide,1,skcm_melanoma,53.4819,low,0,True,tcga,https://api.gdc.cancer.gov/data/d4518876-72b7-4086-90fb-9402d004e477
ff66a6ff-08a5-478a-a289-b340e6abc80e,TCGA-D3-A51R-06Z-00-DX1.F4B5C1BD-2982-4041-A8F8-3F1E7EB7FFEE.svs,0.6510646846145391,1f66a0e1-640a-4caa-85f1-61c6de475cf1,TCGA-D3-A51R,TCGA-SKCM,Primary Tumor,Diagnostic Slide,1,skcm_melanoma,841.807,high,1,True,tcga,https://api.gdc.cancer.gov/data/ff66a6ff-08a5-478a-a289-b340e6abc80e
3c1b2053-18b7-4822-b27a-2ef4796260fb,TCGA-D3-A51T-06Z-00-DX1.90803497-46D5-4967-91D3-CB294605772E.svs,0.587738199159503,791d3824-890f-43f2-b545-c7266506d716,TCGA-D3-A51T,TCGA-SKCM,Primary Tumor,Diagnostic Slide,1,skcm_melanoma,213.7047,low,0,True,tcga,https://api.gdc.cancer.gov/data/3c1b2053-18b7-4822-b27a-2ef4796260fb
7f341f37-80cc-48a1-a978-70e279e4f853,TCGA-FS-A1ZN-01Z-00-DX9.70815334-6AEE-45EC-A76F-132BD19F4B33.svs,0.6683990536257625,9d86940d-50fb-4d2f-8b1e-539196885f46,TCGA-FS-A1ZN,TCGA-SKCM,Primary Tumor,Diagnostic Slide,1,skcm_melanoma,840.4743,high,1,True,tcga,https://api.gdc.cancer.gov/data/7f341f37-80cc-48a1-a978-70e279e4f853
4e5babeb-f34e-44d5-8754-868a74dd2181,TCGA-D3-A2JB-06Z-00-DX1.BA8C1987-4474-47FE-8FDC-D15C2A41AC90.svs,0.594508208334446,dceb4909-cb3e-4aa5-8ff6-23d27b39aca3,TCGA-D3-A2JB,TCGA-SKCM,Primary Tumor,Diagnostic Slide,1,skcm_melanoma,99.9271,low,0,True,tcga,https://api.gdc.cancer.gov/data/4e5babeb-f34e-44d5-8754-868a74dd2181
75bec87f-e3d3-4b0c-b6b6-79740eb8b708,TCGA-D3-A3C6-06Z-00-DX1.AEAFE336-C5BC-4EC0-A869-14DCB44700CD.svs,0.688591118901968,c0b0255b-74fd-4af7-a2b0-5a82829f680b,TCGA-D3-A3C6,TCGA-SKCM,Primary Tumor,Diagnostic Slide,1,skcm_melanoma,743.4378,high,1,True,tcga,https://api.gdc.cancer.gov/data/75bec87f-e3d3-4b0c-b6b6-79740eb8b708
1d6c6bef-067b-4730-8475-9e6beeed00bb,TCGA-GF-A4EO-01Z-00-DX1.A895033F-BC64-4871-8292-BCEB4FF5B9DE.svs,0.603319869376719,ec4cc744-04df-4ba9-9159-e4940c702281,TCGA-GF-A4EO,TCGA-SKCM,Primary Tumor,Diagnostic Slide,1,skcm_melanoma,126.3755,low,0,True,tcga,https://api.gdc.cancer.gov/data/1d6c6bef-067b-4730-8475-9e6beeed00bb
beacd435-038c-4131-b2df-f0aedd45c14c,TCGA-D3-A2J6-06Z-00-DX1.1E4860D2-EC44-47BA-88AD-CE524E3CC2B7.svs,0.6974958591163158,6f5157b8-d43a-4fbc-b7da-23629f5b53da,TCGA-D3-A2J6,TCGA-SKCM,Primary Tumor,Diagnostic Slide,1,skcm_melanoma,673.3978,high,1,True,tcga,https://api.gdc.cancer.gov/data/beacd435-038c-4131-b2df-f0aedd45c14c
71541951-1f52-4323-a9a7-ca2ff6d52560,TCGA-D9-A6EA-01Z-00-DX1.4EC8653B-A344-4F8F-9B5D-17B9FF444DC0.svs,0.6224055336788297,cfe787b3-8297-4318-987c-bfadd743d767,TCGA-D9-A6EA,TCGA-SKCM,Primary Tumor,Diagnostic Slide,1,skcm_melanoma,1.7869,low,0,True,tcga,https://api.gdc.cancer.gov/data/71541951-1f52-4323-a9a7-ca2ff6d52560
995cdac2-2bb9-42d7-86c0-06e5b0184d55,TCGA-BF-AAP1-01Z-00-DX1.65888232-80E7-46F0-93D9-CFC6AE1D117E.svs,0.7066625514999032,6783fb7d-f509-47c6-b39f-535a9026f6bc,TCGA-BF-AAP1,TCGA-SKCM,Primary Tumor,Diagnostic Slide,1,skcm_melanoma,984.2487,high,1,True,tcga,https://api.gdc.cancer.gov/data/995cdac2-2bb9-42d7-86c0-06e5b0184d55
f8b6ecc6-6485-4f34-95a1-0ba5d7edad99,TCGA-D3-A1Q8-06Z-00-DX1.1E0D455B-62EB-445F-9758-F2E4E304AA82.svs,0.6261063981801271,7b7a49b5-5be8-4966-8f3a-e6e01e694f86,TCGA-D3-A1Q8,TCGA-SKCM,Primary Tumor,Diagnostic Slide,1,skcm_melanoma,147.9071,low,0,True,tcga,https://api.gdc.cancer.gov/data/f8b6ecc6-6485-4f34-95a1-0ba5d7edad99
c9bb3620-36af-4ef7-9042-fa24f81339a2,TCGA-D3-A3MV-06Z-00-DX1.C06EECC4-8DA7-4432-8FEC-7A5ED82E21CB.svs,0.7099697533994913,f581a9b5-8956-4ac3-9375-370c446cad29,TCGA-D3-A3MV,TCGA-SKCM,Primary Tumor,Diagnostic Slide,1,skcm_melanoma,764.199,high,1,True,tcga,https://api.gdc.cancer.gov/data/c9bb3620-36af-4ef7-9042-fa24f81339a2
6a5b4836-fff0-4994-8caa-bd198f9ffa4f,TCGA-BF-A3DL-01Z-00-DX1.19B241AC-405E-4C47-8582-7B8B6C6D58CE.svs,0.636225295253098,e9f0f030-d9aa-47c8-9f4d-a9ce58888c41,TCGA-BF-A3DL,TCGA-SKCM,Primary Tumor,Diagnostic Slide,1,skcm_melanoma,198.5487,low,0,True,tcga,https://api.gdc.cancer.gov/data/6a5b4836-fff0-4994-8caa-bd198f9ffa4f
31488f1c-5b07-464e-b04a-5f34226291eb,TCGA-D3-A3MO-06Z-00-DX1.F375C5A1-723B-4F61-B1AB-6AF1B944A327.svs,0.711771646514535,85400bf1-23e0-4e0f-8df7-f0d108641aee,TCGA-D3-A3MO,TCGA-SKCM,Primary Tumor,Diagnostic Slide,1,skcm_melanoma,751.6963,high,1,True,tcga,https://api.gdc.cancer.gov/data/31488f1c-5b07-464e-b04a-5f34226291eb
0fe01971-7fe1-4b48-94e8-22e8fc91beee,TCGA-EB-A5SF-01Z-00-DX1.8083AB94-89EF-4741-8EE7-86EAC50B86B1.svs,0.6477248491719365,32e40e0b-e74b-428c-acd3-84ec6a80c024,TCGA-EB-A5SF,TCGA-SKCM,Primary Tumor,Diagnostic Slide,1,skcm_melanoma,1.1819,low,0,True,tcga,https://api.gdc.cancer.gov/data/0fe01971-7fe1-4b48-94e8-22e8fc91beee
48ba118f-a1db-47a8-88e0-598d78d373c3,TCGA-EE-A2GB-01Z-00-DX1.77982EF7-6A82-43BD-9D6C-AD19B5D671EC.svs,0.7235598331317306,e58bed18-503c-4182-bcf3-5af6f20e1b8a,TCGA-EE-A2GB,TCGA-SKCM,Primary Tumor,Diagnostic Slide,1,skcm_melanoma,1053.1379,high,1,True,tcga,https://api.gdc.cancer.gov/data/48ba118f-a1db-47a8-88e0-598d78d373c3
daf6fc41-e620-4ab8-82c5-16f26802fc03,TCGA-D3-A2J9-06Z-00-DX1.5526CFD6-96AB-49F8-B88C-DC9DC5E349F0.svs,0.6690221540629864,e9e615a1-9323-49d3-904c-fcf4887fea61,TCGA-D3-A2J9,TCGA-SKCM,Primary Tumor,Diagnostic Slide,1,skcm_melanoma,193.3963,low,0,True,tcga,https://api.gdc.cancer.gov/data/daf6fc41-e620-4ab8-82c5-16f26802fc03
8074e1ce-6e9a-46cc-8917-a12fbb73a8b0,TCGA-EB-A3Y6-01Z-00-DX1.95CD1743-DDC4-4ABF-8C48-1C93FEA54D13.svs,0.7312260391190648,8b93bdb4-b64b-4940-a814-f5b3f5ae56cc,TCGA-EB-A3Y6,TCGA-SKCM,Primary Tumor,Diagnostic Slide,1,skcm_melanoma,884.491,high,1,True,tcga,https://api.gdc.cancer.gov/data/8074e1ce-6e9a-46cc-8917-a12fbb73a8b0
b4e975a2-aef6-4922-975e-5c71a7a35666,TCGA-D3-A3C1-06Z-00-DX1.F6C5DABC-9FEB-4A55-A764-6958046CFE39.svs,0.7294092569500208,2ff77467-19f8-45a0-8d42-2f9a69295498,TCGA-D3-A3C1,TCGA-SKCM,Primary Tumor,Diagnostic Slide,1,skcm_melanoma,211.3052,low,0,True,tcga,https://api.gdc.cancer.gov/data/b4e975a2-aef6-4922-975e-5c71a7a35666
db9053d0-aca7-4de3-94cd-6343926ac292,TCGA-EB-A44P-01Z-00-DX1.717C3DBF-9CC2-425F-8CEA-15CD5BF28225.svs,0.7361408500000834,6b02def4-04ca-4ba0-bc48-262c4d8a294c,TCGA-EB-A44P,TCGA-SKCM,Primary Tumor,Diagnostic Slide,1,skcm_melanoma,1061.6576,high,1,True,tcga,https://api.gdc.cancer.gov/data/db9053d0-aca7-4de3-94cd-6343926ac292
82afde87-ee4c-41e1-88fc-b28b015fcc80,TCGA-D3-A2JF-06Z-00-DX1.1AD134CC-6844-45CC-BEC2-46F487356703.svs,0.7320170681923628,c58638ed-a38c-4494-a41e-6ee5283a7a59,TCGA-D3-A2JF,TCGA-SKCM,Primary Tumor,Diagnostic Slide,1,skcm_melanoma,39.6361,low,0,True,tcga,https://api.gdc.cancer.gov/data/82afde87-ee4c-41e1-88fc-b28b015fcc80
a45c28ec-e3a4-48d1-9f3a-782fddb46300,TCGA-FR-A2OS-01Z-00-DX1.9F35411B-FFCE-4BD7-8161-68DE08C67AB8.svs,0.7616308098658919,f1a69042-8347-45c1-b925-8526a8443b86,TCGA-FR-A2OS,TCGA-SKCM,Primary Tumor,Diagnostic Slide,1,skcm_melanoma,670.7994,high,1,True,tcga,https://api.gdc.cancer.gov/data/a45c28ec-e3a4-48d1-9f3a-782fddb46300
73eb430f-e64a-465d-9a65-422a631734f3,TCGA-EB-A5UM-01Z-00-DX1.6F0E5CD6-FE4C-46F9-A095-59CF750A053A.svs,0.748793562874198,667d5c5e-abc0-4fb8-b6c4-739f7cb3f0fe,TCGA-EB-A5UM,TCGA-SKCM,Primary Tumor,Diagnostic Slide,1,skcm_melanoma,0.2408,low,0,True,tcga,https://api.gdc.cancer.gov/data/73eb430f-e64a-465d-9a65-422a631734f3
525bb053-2ca4-46ae-b294-3fb6aad4304a,TCGA-EB-A5SH-06Z-00-DX1.2C9CB59B-C09A-487F-BAB7-E71F84DDB985.svs,0.7647659182548523,aa597e8b-7813-4837-b778-4dafe3b091bb,TCGA-EB-A5SH,TCGA-SKCM,Primary Tumor,Diagnostic Slide,1,skcm_melanoma,956.6048,high,1,True,tcga,https://api.gdc.cancer.gov/data/525bb053-2ca4-46ae-b294-3fb6aad4304a
324eadf0-060c-462f-92bb-ea996818e343,TCGA-XV-AAZY-01Z-00-DX1.77D5F2CA-1A90-4F8B-86A2-29A9597B7373.svs,0.7584119187667966,b2fbea07-eede-4ab1-994a-da26583a5106,TCGA-XV-AAZY,TCGA-SKCM,Primary Tumor,Diagnostic Slide,1,skcm_melanoma,34.4633,low,0,True,tcga,https://api.gdc.cancer.gov/data/324eadf0-060c-462f-92bb-ea996818e343
97d24bf8-bdf4-48c9-becc-62e095b42a2e,TCGA-DA-A3F3-01Z-00-DX1.8F546F95-2071-41E5-A0D4-66AB7B46DCFD.svs,0.7831660388037562,3582fb74-f43d-4fcd-8f22-bb1506fcff1c,TCGA-DA-A3F3,TCGA-SKCM,Primary Tumor,Diagnostic Slide,1,skcm_melanoma,691.0301,high,1,True,tcga,https://api.gdc.cancer.gov/data/97d24bf8-bdf4-48c9-becc-62e095b42a2e
002eb922-8889-4315-9850-2837cad9f342,TCGA-3N-A9WD-01Z-00-DX1.3B836595-3D67-4985-9D3B-39A7AE38B550.svs,0.7630597921088338,a29a20e3-5c2c-4f37-b93e-ae9ebc46ec53,TCGA-3N-A9WD,TCGA-SKCM,Primary Tumor,Diagnostic Slide,1,skcm_melanoma,123.8752,low,0,True,tcga,https://api.gdc.cancer.gov/data/002eb922-8889-4315-9850-2837cad9f342
8c5b7b1e-9da7-4686-a3ac-635575aa5c56,TCGA-D9-A3Z4-01Z-00-DX1.5807DC41-0370-4F3C-8ECB-4A12B81C8FC7.svs,0.7874701367691159,c4ed9e22-b5d7-4469-89a8-861a86791c8b,TCGA-D9-A3Z4,TCGA-SKCM,Primary Tumor,Diagnostic Slide,1,skcm_melanoma,694.7541,high,1,True,tcga,https://api.gdc.cancer.gov/data/8c5b7b1e-9da7-4686-a3ac-635575aa5c56
c4f1a7a8-f685-420b-99eb-8f8e3f6bdd80,TCGA-EB-A85I-01Z-00-DX1.8049AEB4-083E-4907-BCD9-23A7B83B54A7.svs,0.77376829367131,50dc9c63-c491-4afc-ab12-74b40eba58b6,TCGA-EB-A85I,TCGA-SKCM,Primary Tumor,Diagnostic Slide,1,skcm_melanoma,135.0112,low,0,True,tcga,https://api.gdc.cancer.gov/data/c4f1a7a8-f685-420b-99eb-8f8e3f6bdd80
40fae70d-723f-40bb-9aab-cb8452a57c9b,TCGA-EB-A5UL-06Z-00-DX1.1E65A435-D10E-416E-A23B-6C31BAA9A975.svs,0.8161922348663211,f5f42370-9974-4375-b338-5f68bb0c3958,TCGA-EB-A5UL,TCGA-SKCM,Primary Tumor,Diagnostic Slide,1,skcm_melanoma,665.0468,high,1,True,tcga,https://api.gdc.cancer.gov/data/40fae70d-723f-40bb-9aab-cb8452a57c9b
7f541cbe-f321-4405-9cdb-65fff674235d,TCGA-D3-A8GE-06Z-00-DX1.757AE9F7-823E-4167-B12C-F6DA031B21D1.svs,0.7849934585392475,dcc005ba-f8c9-4845-bf08-0dbabe291c9a,TCGA-D3-A8GE,TCGA-SKCM,Primary Tumor,Diagnostic Slide,1,skcm_melanoma,2.2419,low,0,True,tcga,https://api.gdc.cancer.gov/data/7f541cbe-f321-4405-9cdb-65fff674235d
ef19a7e5-20f0-4ba6-8b66-7eff6f84b7bd,TCGA-D3-A2JE-06Z-00-DX1.71482107-04E7-4DB6-873A-F68DC4F8C0D1.svs,0.822150219231844,2ec330f8-96e4-4270-aadc-563bb72f4b2c,TCGA-D3-A2JE,TCGA-SKCM,Primary Tumor,Diagnostic Slide,1,skcm_melanoma,860.6265,high,1,True,tcga,https://api.gdc.cancer.gov/data/ef19a7e5-20f0-4ba6-8b66-7eff6f84b7bd
c7ab214b-2d25-4481-8fee-555eb25b191e,TCGA-D3-A3MR-06Z-00-DX1.D05823A5-C823-471F-8992-72AFA58DB37A.svs,0.78682466968894,0e597498-44ad-40ae-bb83-f1b27388ec0a,TCGA-D3-A3MR,TCGA-SKCM,Primary Tumor,Diagnostic Slide,1,skcm_melanoma,136.3324,low,0,True,tcga,https://api.gdc.cancer.gov/data/c7ab214b-2d25-4481-8fee-555eb25b191e
303935db-39e7-4e9c-9166-4278e7d7ca06,TCGA-FR-A3YN-01Z-00-DX1.2E95B327-14BD-4B92-8E0D-512E3F38B513.svs,0.8509630737826228,f027da44-6adc-4207-93ac-e8bf45a1bf3d,TCGA-FR-A3YN,TCGA-SKCM,Primary Tumor,Diagnostic Slide,1,skcm_melanoma,683.9899,high,1,True,tcga,https://api.gdc.cancer.gov/data/303935db-39e7-4e9c-9166-4278e7d7ca06
09b5761f-5852-407b-98a5-58519f68018a,TCGA-D3-A51F-06Z-00-DX1.ACABF227-3D3C-4490-A075-7D711BB34675.svs,0.8142052050679922,2316bc62-974a-4dfd-8ee2-9e4a08660a45,TCGA-D3-A51F,TCGA-SKCM,Primary Tumor,Diagnostic Slide,1,skcm_melanoma,104.3774,low,0,True,tcga,https://api.gdc.cancer.gov/data/09b5761f-5852-407b-98a5-58519f68018a
b536d111-ca0c-4b6b-9ee4-e3dc039b695e,TCGA-FS-A1ZE-06Z-00-DX1.0628CA6E-328C-428F-A4D1-ECB565D8DB98.svs,0.8536852719262242,2c79add1-8093-4e81-8f80-069af7b7c2fa,TCGA-FS-A1ZE,TCGA-SKCM,Primary Tumor,Diagnostic Slide,1,skcm_melanoma,821.3042,high,1,True,tcga,https://api.gdc.cancer.gov/data/b536d111-ca0c-4b6b-9ee4-e3dc039b695e
e512c8a7-bd08-48a1-b44b-62e5e240541d,TCGA-W3-AA1V-01Z-00-DX1.86F0DF30-1FB8-4316-8126-0C6CCF82A06E.svs,0.8154536271467805,9817ec15-605a-40db-b848-2199e5ccbb7b,TCGA-W3-AA1V,TCGA-SKCM,Primary Tumor,Diagnostic Slide,1,skcm_melanoma,197.6249,low,0,True,tcga,https://api.gdc.cancer.gov/data/e512c8a7-bd08-48a1-b44b-62e5e240541d
db890771-4f1b-44dc-a77b-8fc35e255905,TCGA-EE-A2GR-01Z-00-DX1.A84F7FE6-EE4E-4DD2-A0DF-856923EFE661.svs,0.856270688585937,919dfc28-6b55-452e-884c-48cb86802ac2,TCGA-EE-A2GR,TCGA-SKCM,Primary Tumor,Diagnostic Slide,1,skcm_melanoma,924.9346,high,1,True,tcga,https://api.gdc.cancer.gov/data/db890771-4f1b-44dc-a77b-8fc35e255905
6ff674c4-f7c1-423c-bde2-3bad1e24e843,TCGA-D3-A2JN-06Z-00-DX1.0AA7684E-2886-4A00-B808-39EA790B825A.svs,0.8184013403952122,20ae4c90-ea2e-42e8-bc0e-f0e6be0dadeb,TCGA-D3-A2JN,TCGA-SKCM,Primary Tumor,Diagnostic Slide,1,skcm_melanoma,130.0544,low,0,True,tcga,https://api.gdc.cancer.gov/data/6ff674c4-f7c1-423c-bde2-3bad1e24e843
71d6d917-57ed-4362-b81e-7e07d57758a3,TCGA-EE-A2A5-01Z-00-DX1.96AC91D6-1BED-4F64-BF07-A8EA5B6C92F9.svs,0.8576508676633239,865128c9-2e8e-4683-9232-174282ae984d,TCGA-EE-A2A5,TCGA-SKCM,Primary Tumor,Diagnostic Slide,1,skcm_melanoma,1072.9226,high,1,True,tcga,https://api.gdc.cancer.gov/data/71d6d917-57ed-4362-b81e-7e07d57758a3
206f2c6a-66d0-4ffe-8941-a6bb5b6c003c,TCGA-FR-A69P-06Z-00-DX1.D4CEAE91-6400-4FA0-A34D-5E56A8382CEA.svs,0.82952412776649,ccf8809a-cdfd-46f7-b607-001b8b91c1a4,TCGA-FR-A69P,TCGA-SKCM,Primary Tumor,Diagnostic Slide,1,skcm_melanoma,117.7126,low,0,True,tcga,https://api.gdc.cancer.gov/data/206f2c6a-66d0-4ffe-8941-a6bb5b6c003c
e2a822ad-8402-4a94-bdee-046cbfcb3687,TCGA-YD-A89C-06Z-00-DX1.E1F14C6C-EA1D-4121-BB3F-A72AD8A0EB70.svs,0.8931144280359149,7b617d72-ae16-4829-a1d9-274d1d30617f,TCGA-YD-A89C,TCGA-SKCM,Primary Tumor,Diagnostic Slide,1,skcm_melanoma,1111.9031,high,1,True,tcga,https://api.gdc.cancer.gov/data/e2a822ad-8402-4a94-bdee-046cbfcb3687
04e87401-0e7d-477a-95e7-955df2320617,TCGA-GF-A3OT-01Z-00-DX1.014B8884-EE9D-4F3A-81BB-9DCAC92CC2AE.svs,0.8381623709574342,f94ae8f2-d555-4c2a-97b0-dbe7d642c566,TCGA-GF-A3OT,TCGA-SKCM,Primary Tumor,Diagnostic Slide,1,skcm_melanoma,106.168,low,0,True,tcga,https://api.gdc.cancer.gov/data/04e87401-0e7d-477a-95e7-955df2320617
a2d6a7d5-a07a-4da9-ae2d-9ceea6639b36,TCGA-FS-A1ZN-01Z-00-DX5.2BE51074-7E23-41C0-A3EA-1A84BF812048.svs,0.8952373368665576,9d86940d-50fb-4d2f-8b1e-539196885f46,TCGA-FS-A1ZN,TCGA-SKCM,Primary Tumor,Diagnostic Slide,1,skcm_melanoma,840.4743,high,1,True,tcga,https://api.gdc.cancer.gov/data/a2d6a7d5-a07a-4da9-ae2d-9ceea6639b36
77475054-663f-4d49-b7a0-2d8cdc5e11b4,TCGA-XV-AAZV-01Z-00-DX1.EBADFAC9-8696-4A32-A768-785D32D46CB5.svs,0.8768531447276473,92116b0b-e614-4a27-a3c2-207e561c788b,TCGA-XV-AAZV,TCGA-SKCM,Primary Tumor,Diagnostic Slide,1,skcm_melanoma,7.0227,low,0,True,tcga,https://api.gdc.cancer.gov/data/77475054-663f-4d49-b7a0-2d8cdc5e11b4
892c3862-bbc3-41a3-84cb-616ca8e6861b,TCGA-FS-A1ZN-01Z-00-DX7.350F3A9C-29B0-42D6-808F-EC671D923B8D.svs,0.960279724560678,9d86940d-50fb-4d2f-8b1e-539196885f46,TCGA-FS-A1ZN,TCGA-SKCM,Primary Tumor,Diagnostic Slide,1,skcm_melanoma,840.4743,high,1,True,tcga,https://api.gdc.cancer.gov/data/892c3862-bbc3-41a3-84cb-616ca8e6861b
d4b5fb09-5c2d-47ee-bb04-798006cc729b,TCGA-FR-A8YD-06Z-00-DX1.AF90C1E6-94CB-48ED-BDED-F2AC6183153F.svs,0.8948341179639101,2897a728-ec7b-4321-b0fe-3575b7c6ee39,TCGA-FR-A8YD,TCGA-SKCM,Primary Tumor,Diagnostic Slide,1,skcm_melanoma,178.1911,low,0,True,tcga,https://api.gdc.cancer.gov/data/d4b5fb09-5c2d-47ee-bb04-798006cc729b
06957930-3e02-4c3c-ab80-2768bc393ed6,TCGA-EB-A24D-01Z-00-DX1.32127705-0E27-489D-8639-DD58EE59A61D.svs,0.9637455819174648,d7ee2693-39a8-4e3a-b6f6-e4729800e34e,TCGA-EB-A24D,TCGA-SKCM,Primary Tumor,Diagnostic Slide,1,skcm_melanoma,1000.4327,high,1,True,tcga,https://api.gdc.cancer.gov/data/06957930-3e02-4c3c-ab80-2768bc393ed6
99782351-0db4-49e8-b8b2-a6f781210a98,TCGA-D3-A3CB-06Z-00-DX1.9862D604-C9E7-44BE-99E2-AB9883B1873E.svs,0.9091876447200776,b829885f-8681-4b00-b301-8b0e0c2c6684,TCGA-D3-A3CB,TCGA-SKCM,Primary Tumor,Diagnostic Slide,1,skcm_melanoma,187.0773,low,0,True,tcga,https://api.gdc.cancer.gov/data/99782351-0db4-49e8-b8b2-a6f781210a98
ec93ed67-1504-4789-9ffd-2dbd9f617e24,TCGA-BF-A5EQ-01Z-00-DX1.8B6B7B53-66A9-43B1-A223-21D7778F6EE7.svs,0.9716998962685466,53de8f81-a226-4ab9-bddc-856ffd111817,TCGA-BF-A5EQ,TCGA-SKCM,Primary Tumor,Diagnostic Slide,1,skcm_melanoma,640.6523,high,1,True,tcga,https://api.gdc.cancer.gov/data/ec93ed67-1504-4789-9ffd-2dbd9f617e24
43aeb055-d4a9-42fc-9a97-3422c301a872,TCGA-D3-A2JA-06Z-00-DX1.B2D576DF-C876-4385-9F85-23ACBDF30AF7.svs,0.9270662479102612,33d7cccb-6349-4337-8c5b-6e3e8b3c7af1,TCGA-D3-A2JA,TCGA-SKCM,Primary Tumor,Diagnostic Slide,1,skcm_melanoma,110.3717,low,0,True,tcga,https://api.gdc.cancer.gov/data/43aeb055-d4a9-42fc-9a97-3422c301a872
dbc41286-8b62-4f1b-b993-4632f7f24601,TCGA-EB-A3XB-01Z-00-DX1.65EB6648-0EA6-4010-8B71-DE9FF803B1A7.svs,0.985389250330627,a9255dcb-b236-4777-ac43-555e3a5386c3,TCGA-EB-A3XB,TCGA-SKCM,Primary Tumor,Diagnostic Slide,1,skcm_melanoma,760.3878,high,1,True,tcga,https://api.gdc.cancer.gov/data/dbc41286-8b62-4f1b-b993-4632f7f24601
518209a5-8efd-4aea-84fd-abd68011e576,TCGA-EE-A2GO-01Z-00-DX1.2A8B9951-8526-426F-98FA-205DFC6980C3.svs,0.9324843315407634,783eb662-7d7a-4637-8500-e2d86d73ec7b,TCGA-EE-A2GO,TCGA-SKCM,Primary Tumor,Diagnostic Slide,1,skcm_melanoma,109.3633,low,0,True,tcga,https://api.gdc.cancer.gov/data/518209a5-8efd-4aea-84fd-abd68011e576
4c0f719a-0352-424e-8da8-13012832cc8a,TCGA-D3-A3CE-06Z-00-DX1.145E1202-3B59-40D8-A8B6-33B3A26E7282.svs,0.9911607541143894,730f7400-e94a-4f41-b081-5227fa1a9c18,TCGA-D3-A3CE,TCGA-SKCM,Primary Tumor,Diagnostic Slide,1,skcm_melanoma,655.1855,high,1,True,tcga,https://api.gdc.cancer.gov/data/4c0f719a-0352-424e-8da8-13012832cc8a
6d947f96-1b6c-43a8-8fda-a4659b0511ba,TCGA-D3-A3C8-06Z-00-DX1.FE6A00E4-C1B4-42D8-9B02-34AF74F61C94.svs,0.9388362895697356,16182443-12a1-4b0f-a6ab-33c2942e2991,TCGA-D3-A3C8,TCGA-SKCM,Primary Tumor,Diagnostic Slide,1,skcm_melanoma,168.6136,low,0,True,tcga,https://api.gdc.cancer.gov/data/6d947f96-1b6c-43a8-8fda-a4659b0511ba
10038031-4300-4c86-b51d-fa227585680f,TCGA-ER-A3EV-01Z-00-DX1.295FE0BC-4BCC-4950-A671-01A49FE10185.svs,1.0046187909319997,e35be832-6972-4677-b985-02e90d51141a,TCGA-ER-A3EV,TCGA-SKCM,Primary Tumor,Diagnostic Slide,1,skcm_melanoma,661.1484,high,1,True,tcga,https://api.gdc.cancer.gov/data/10038031-4300-4c86-b51d-fa227585680f
3c173a0e-4bfa-4d91-98a2-e9ae5b24faeb,TCGA-EB-A553-01Z-00-DX1.5DB62584-E538-4C83-8996-7F3AD478F4F1.svs,0.9399277409538628,960899ed-b61b-4b20-b16d-e37dffb01aa3,TCGA-EB-A553,TCGA-SKCM,Primary Tumor,Diagnostic Slide,1,skcm_melanoma,102.3326,low,0,True,tcga,https://api.gdc.cancer.gov/data/3c173a0e-4bfa-4d91-98a2-e9ae5b24faeb
d12f519d-adb2-4e7b-9288-4cb05c3df8b4,TCGA-EE-A2GS-01Z-00-DX1.77D6F0AA-5D58-4863-BC0C-362B3063756D.svs,1.0236583380028603,880bb701-f1d3-4bf2-bfc8-143ad8d07b6a,TCGA-EE-A2GS,TCGA-SKCM,Primary Tumor,Diagnostic Slide,1,skcm_melanoma,784.9077,high,1,True,tcga,https://api.gdc.cancer.gov/data/d12f519d-adb2-4e7b-9288-4cb05c3df8b4
c43675d7-8cfc-4a75-9da0-96c58fe95c70,TCGA-EB-A41A-01Z-00-DX1.76C495EA-698C-465C-B2FA-5AF9269CED6C.svs,0.9412407157942652,ee143e06-0334-45dd-a2b0-1169527d6b4e,TCGA-EB-A41A,TCGA-SKCM,Primary Tumor,Diagnostic Slide,1,skcm_melanoma,0.4782,low,0,True,tcga,https://api.gdc.cancer.gov/data/c43675d7-8cfc-4a75-9da0-96c58fe95c70
cb6bfb6b-089e-4c67-a6ca-cc638f06e603,TCGA-D3-A8GP-06Z-00-DX1.8A2ADCC2-6D4A-42D7-8E11-FEC7FADD0659.svs,1.070464339107275,95f469b1-e109-4d0e-b9aa-2060207f8a03,TCGA-D3-A8GP,TCGA-SKCM,Primary Tumor,Diagnostic Slide,1,skcm_melanoma,993.4173,high,1,True,tcga,https://api.gdc.cancer.gov/data/cb6bfb6b-089e-4c67-a6ca-cc638f06e603
37639dcb-c628-429c-944f-ad1d776aa006,TCGA-D3-A3C7-06Z-00-DX1.A58D75D7-369A-4CC0-B2AB-E781AA162915.svs,0.9573281724005938,3b62e38c-d473-4329-86ab-5d4977f92b09,TCGA-D3-A3C7,TCGA-SKCM,Primary Tumor,Diagnostic Slide,1,skcm_melanoma,49.5453,low,0,True,tcga,https://api.gdc.cancer.gov/data/37639dcb-c628-429c-944f-ad1d776aa006
ef0e0aab-389f-47aa-a76a-dfbd9fe633e0,TCGA-D3-A2JG-06Z-00-DX1.996E2017-70CA-4B6A-AB85-A170911BF9F2.svs,1.0920566115528345,47a16bf2-229b-4e9a-8b5e-3dcc61fa9106,TCGA-D3-A2JG,TCGA-SKCM,Primary Tumor,Diagnostic Slide,1,skcm_melanoma,757.0488,high,1,True,tcga,https://api.gdc.cancer.gov/data/ef0e0aab-389f-47aa-a76a-dfbd9fe633e0
ebea6244-8f14-4b47-9d48-45b9cbfcb0c9,TCGA-BF-AAOU-01Z-00-DX1.9DC6A879-0AF0-4301-A027-248ACDBB301D.svs,0.9606953775510192,dfe9d2bd-2317-4103-b493-41c5469e08a0,TCGA-BF-AAOU,TCGA-SKCM,Primary Tumor,Diagnostic Slide,1,skcm_melanoma,33.4259,low,0,True,tcga,https://api.gdc.cancer.gov/data/ebea6244-8f14-4b47-9d48-45b9cbfcb0c9
569977d6-ed6f-43a7-9799-6e6d18321f21,TCGA-EE-A2MD-01Z-00-DX1.D66993F0-687E-4A3F-B192-E41D0CF889E8.svs,1.0947133796289563,d28b2d64-2399-4ce1-9c9a-7538dabab862,TCGA-EE-A2MD,TCGA-SKCM,Primary Tumor,Diagnostic Slide,1,skcm_melanoma,656.9157,high,1,True,tcga,https://api.gdc.cancer.gov/data/569977d6-ed6f-43a7-9799-6e6d18321f21
838dbc77-3ca1-4e1a-9785-0c3f1f4985b8,TCGA-D3-A5GR-06Z-00-DX1.5621C88A-0C9E-47D9-8458-A473B7BD28B7.svs,0.9643868058919908,c714c48f-a18c-4110-a82d-3cc95c315afd,TCGA-D3-A5GR,TCGA-SKCM,Primary Tumor,Diagnostic Slide,1,skcm_melanoma,203.4965,low,0,True,tcga,https://api.gdc.cancer.gov/data/838dbc77-3ca1-4e1a-9785-0c3f1f4985b8
e5810b1e-aec4-4f8a-9a8b-d1a447d18753,TCGA-GN-A264-01Z-00-DX1.2C02EEF5-92DF-4DAF-BDE8-82423B4D8957.svs,1.1445911461487412,76cc1d42-acec-46b3-9663-5e4de2550353,TCGA-GN-A264,TCGA-SKCM,Primary Tumor,Diagnostic Slide,1,skcm_melanoma,673.8567,high,1,True,tcga,https://api.gdc.cancer.gov/data/e5810b1e-aec4-4f8a-9a8b-d1a447d18753
425fb898-c1ab-42d6-a64b-81157fea4f3f,TCGA-EE-A29A-01Z-00-DX1.75D346DD-8932-4248-B8BD-CA20CBBC352C.svs,0.9896727660670877,4811d530-ae99-4670-9f99-86996d667676,TCGA-EE-A29A,TCGA-SKCM,Primary Tumor,Diagnostic Slide,1,skcm_melanoma,140.1177,low,0,True,tcga,https://api.gdc.cancer.gov/data/425fb898-c1ab-42d6-a64b-81157fea4f3f
7e940970-d906-4f3a-984f-ba2e141f39be,TCGA-EE-A180-01Z-00-DX1.70980EC1-353C-404C-AC07-40DCB47601D5.svs,1.147380710579455,7ee2f8d5-6c31-4f5f-a779-b43979e66d0b,TCGA-EE-A180,TCGA-SKCM,Primary Tumor,Diagnostic Slide,1,skcm_melanoma,929.4784,high,1,True,tcga,https://api.gdc.cancer.gov/data/7e940970-d906-4f3a-984f-ba2e141f39be
c16df838-d1e4-40f7-8648-fd7dacc0f3d0,TCGA-EE-A29G-01Z-00-DX1.8123979A-EF7A-4EB7-A323-94B4F7E77547.svs,1.014911043457687,8ee500d6-c7b3-46e9-86d0-933695934707,TCGA-EE-A29G,TCGA-SKCM,Primary Tumor,Diagnostic Slide,1,skcm_melanoma,180.2215,low,0,True,tcga,https://api.gdc.cancer.gov/data/c16df838-d1e4-40f7-8648-fd7dacc0f3d0
09d1bbf4-f52c-4804-ac22-a640dbfb3338,TCGA-GN-A8LN-01Z-00-DX1.68E5D36A-6C6D-4BCD-B005-25B978441EE6.svs,1.1588862044736743,7f7bc51f-7f75-4796-9ce5-a4735c3c0807,TCGA-GN-A8LN,TCGA-SKCM,Primary Tumor,Diagnostic Slide,1,skcm_melanoma,884.5976,high,1,True,tcga,https://api.gdc.cancer.gov/data/09d1bbf4-f52c-4804-ac22-a640dbfb3338
2aa54cd5-1bbf-4961-880a-49a7f1656f5e,TCGA-EE-A3AB-01Z-00-DX1.68728071-FC84-400C-8F34-0F28CC1178C0.svs,1.0191831840202212,0f7ff1fc-95ec-4eb5-a308-6b8f24eec29a,TCGA-EE-A3AB,TCGA-SKCM,Primary Tumor,Diagnostic Slide,1,skcm_melanoma,80.7263,low,0,True,tcga,https://api.gdc.cancer.gov/data/2aa54cd5-1bbf-4961-880a-49a7f1656f5e
4617186f-bce7-48c1-b9b7-94477785bf87,TCGA-EE-A2GN-01Z-00-DX1.CC2B5420-6636-4CC3-AD84-AE8B2751675D.svs,1.1711124507710338,be73fde2-d843-426b-9306-a02d3f2a754b,TCGA-EE-A2GN,TCGA-SKCM,Primary Tumor,Diagnostic Slide,1,skcm_melanoma,1020.5724,high,1,True,tcga,https://api.gdc.cancer.gov/data/4617186f-bce7-48c1-b9b7-94477785bf87
b8284d42-f785-4c58-a94e-252f3dc0eafb,TCGA-W3-AA1Q-01Z-00-DX1.EC1690AB-35AD-47EE-BD1C-8C6C56715B75.svs,1.0215255534276366,81807b84-da9c-4847-a303-5a8c7297127c,TCGA-W3-AA1Q,TCGA-SKCM,Primary Tumor,Diagnostic Slide,1,skcm_melanoma,187.5739,low,0,True,tcga,https://api.gdc.cancer.gov/data/b8284d42-f785-4c58-a94e-252f3dc0eafb
7e966eae-698b-46a8-953d-253dca4eb6ef,TCGA-EE-A20I-01Z-00-DX1.336799A6-898B-43C5-A29A-72F4F6AF4A27.svs,1.180607154034078,a67fd5bb-b6b6-4e00-9acd-68d0a59b5e55,TCGA-EE-A20I,TCGA-SKCM,Primary Tumor,Diagnostic Slide,1,skcm_melanoma,672.4657,high,1,True,tcga,https://api.gdc.cancer.gov/data/7e966eae-698b-46a8-953d-253dca4eb6ef
9e02c467-0e19-455c-8de5-14f537a27157,TCGA-D3-A8GI-06Z-00-DX1.CF5E4553-D092-40DD-A610-A1879563C4AC.svs,1.022043563425541,beab616a-256e-48f3-a458-028897a6138c,TCGA-D3-A8GI,TCGA-SKCM,Primary Tumor,Diagnostic Slide,1,skcm_melanoma,2.671,low,0,True,tcga,https://api.gdc.cancer.gov/data/9e02c467-0e19-455c-8de5-14f537a27157
55a00447-f8c6-488a-9e2c-c5896b3abb47,TCGA-EE-A29N-01Z-00-DX1.9842217A-23B9-40CA-91CE-D83F8DFD7A0B.svs,1.2193765910342336,8aad9690-d1ad-424b-9a80-d7980760d093,TCGA-EE-A29N,TCGA-SKCM,Primary Tumor,Diagnostic Slide,1,skcm_melanoma,774.3808,high,1,True,tcga,https://api.gdc.cancer.gov/data/55a00447-f8c6-488a-9e2c-c5896b3abb47
3d3794ec-04ba-4ce4-8c63-e09dee4f597f,TCGA-D3-A8GO-06Z-00-DX1.357CD90F-23D3-45BB-BA13-DCF5AED677C1.svs,1.052019765600562,d0680568-bbb3-4561-9e4b-08fe2a4832cb,TCGA-D3-A8GO,TCGA-SKCM,Primary Tumor,Diagnostic Slide,1,skcm_melanoma,160.5055,low,0,True,tcga,https://api.gdc.cancer.gov/data/3d3794ec-04ba-4ce4-8c63-e09dee4f597f
dfc01f71-b199-434a-92c8-a34796925f78,TCGA-WE-A8K5-06Z-00-DX1.88DA18DD-8CB6-4214-97C8-CCE566619649.svs,1.2425170550122857,0f579238-5a11-4adc-9c80-572cbb2ce58f,TCGA-WE-A8K5,TCGA-SKCM,Primary Tumor,Diagnostic Slide,1,skcm_melanoma,985.011,high,1,True,tcga,https://api.gdc.cancer.gov/data/dfc01f71-b199-434a-92c8-a34796925f78
b21a60a3-350e-48ea-ae3a-c46d4a11de13,TCGA-XV-A9W2-01Z-00-DX1.49675C94-0F98-4867-8C7E-398C2F41507E.svs,1.070399140007794,8b6b1cbf-dedb-4c99-8f75-eafbe5c43592,TCGA-XV-A9W2,TCGA-SKCM,Primary Tumor,Diagnostic Slide,1,skcm_melanoma,148.4407,low,0,True,tcga,https://api.gdc.cancer.gov/data/b21a60a3-350e-48ea-ae3a-c46d4a11de13
9565ea93-efd3-4543-8746-1d8318ad623f,TCGA-EE-A2GM-01Z-00-DX1.C12E719D-B25A-4A13-9DED-B5C7CEF3D8EC.svs,1.2489453153684735,3d0cbbc9-f2ef-4d3e-ad55-b5cae6787c28,TCGA-EE-A2GM,TCGA-SKCM,Primary Tumor,Diagnostic Slide,1,skcm_melanoma,705.6239,high,1,True,tcga,https://api.gdc.cancer.gov/data/9565ea93-efd3-4543-8746-1d8318ad623f
a67a2e91-e304-4ae0-8d2d-3034db36406f,TCGA-EB-A5VV-06Z-00-DX1.35151DAB-2548-46B3-BD1F-BF026DE31385.svs,1.0889169732108712,080bb1f8-f20c-4daa-9de3-b5782b69583c,TCGA-EB-A5VV,TCGA-SKCM,Primary Tumor,Diagnostic Slide,1,skcm_melanoma,1.6902,low,0,True,tcga,https://api.gdc.cancer.gov/data/a67a2e91-e304-4ae0-8d2d-3034db36406f
8fa4102a-33e3-49c6-bee3-556b139a8c63,TCGA-D9-A3Z4-01Z-00-DX2.6EE916B0-7119-41CE-9754-37CD8E5CB1C2.svs,1.2815692638978362,c4ed9e22-b5d7-4469-89a8-861a86791c8b,TCGA-D9-A3Z4,TCGA-SKCM,Primary Tumor,Diagnostic Slide,1,skcm_melanoma,694.7541,high,1,True,tcga,https://api.gdc.cancer.gov/data/8fa4102a-33e3-49c6-bee3-556b139a8c63
cceb3f07-ddbd-4227-af70-e8c29f6266e2,TCGA-D3-A3BZ-06Z-00-DX1.2033A0DE-6437-4444-A294-28556667DF35.svs,1.11531687900424,c3d4caa5-eebc-4276-b1e1-ab9494867b10,TCGA-D3-A3BZ,TCGA-SKCM,Primary Tumor,Diagnostic Slide,1,skcm_melanoma,204.4166,low,0,True,tcga,https://api.gdc.cancer.gov/data/cceb3f07-ddbd-4227-af70-e8c29f6266e2
299f37fa-53d8-4346-8f9d-ff9d813d5840,TCGA-EE-A17Z-01Z-00-DX1.E7BB5E1F-8D10-410B-BC1F-86BADAC0E46B.svs,1.2911010505631566,d84d9c7b-b464-4ea1-8c39-9c929bb34c08,TCGA-EE-A17Z,TCGA-SKCM,Primary Tumor,Diagnostic Slide,1,skcm_melanoma,1238.7893,high,1,True,tcga,https://api.gdc.cancer.gov/data/299f37fa-53d8-4346-8f9d-ff9d813d5840
7e7e9be4-7785-4fcf-a0c3-84d51e926d6f,TCGA-D3-A8GC-06Z-00-DX1.F46C95E6-FF24-431F-9E86-1C29CE71524D.svs,1.1381472889333963,1e3bc429-50eb-4087-b39a-6d92f03412f7,TCGA-D3-A8GC,TCGA-SKCM,Primary Tumor,Diagnostic Slide,1,skcm_melanoma,1.0726,low,0,True,tcga,https://api.gdc.cancer.gov/data/7e7e9be4-7785-4fcf-a0c3-84d51e926d6f
d5d1ff9d-e82a-49d4-801d-92fabe61bf69,TCGA-D3-A8GJ-06Z-00-DX1.E4BCDD38-3A8B-4CBF-BE4F-918F56B4BAE7.svs,1.299077596515417,42fb358c-cc9b-4963-9d16-4a7aa915002a,TCGA-D3-A8GJ,TCGA-SKCM,Primary Tumor,Diagnostic Slide,1,skcm_melanoma,766.8295,high,1,True,tcga,https://api.gdc.cancer.gov/data/d5d1ff9d-e82a-49d4-801d-92fabe61bf69
864bb722-cf23-40b4-9473-503e8b1436ab,TCGA-EB-A4OZ-01Z-00-DX1.1E6DD3CF-EEAB-4EA7-9386-2E0044EBEEC5.svs,1.1429281728342175,236ef9ca-9362-44f3-a36b-2a19509bab9d,TCGA-EB-A4OZ,TCGA-SKCM,Primary Tumor,Diagnostic Slide,1,skcm_melanoma,120.5109,low,0,True,tcga,https://api.gdc.cancer.gov/data/864bb722-cf23-40b4-9473-503e8b1436ab
fefe7d07-5aaf-4ecf-9d29-1e09982be801,TCGA-EE-A2ML-01Z-00-DX1.5AB5178E-7A4D-453D-929C-CB00C7D6868E.svs,1.3007303038612008,01cfbfae-f344-439d-aeab-a9e15d636325,TCGA-EE-A2ML,TCGA-SKCM,Primary Tumor,Diagnostic Slide,1,skcm_melanoma,650.9944,high,1,True,tcga,https://api.gdc.cancer.gov/data/fefe7d07-5aaf-4ecf-9d29-1e09982be801
dde1531a-79ac-4128-a959-52f98819e10c,TCGA-D3-A8GB-06Z-00-DX1.F5670C04-A846-4214-AE1A-9B75015F09A7.svs,1.173895575106144,4274d9ab-679f-453c-b086-7535cf798f0a,TCGA-D3-A8GB,TCGA-SKCM,Primary Tumor,Diagnostic Slide,1,skcm_melanoma,102.0465,low,0,True,tcga,https://api.gdc.cancer.gov/data/dde1531a-79ac-4128-a959-52f98819e10c
361d8085-7374-4725-a6b2-6c6ea0a59b1e,TCGA-WE-A8ZM-06Z-00-DX1.07BB6E6F-6B7C-4924-B43D-D47ABD76C0BE.svs,1.3340364350005984,f8e01148-6fc7-4451-b24a-f3510cd24f9d,TCGA-WE-A8ZM,TCGA-SKCM,Primary Tumor,Diagnostic Slide,1,skcm_melanoma,771.8612,high,1,True,tcga,https://api.gdc.cancer.gov/data/361d8085-7374-4725-a6b2-6c6ea0a59b1e
9d37f3fd-dea0-4993-877e-cadfdcc8f2f9,TCGA-EE-A2MG-01Z-00-DX1.6C994F68-7326-40F7-BCE1-D77716962E9A.svs,1.2023830423131583,e653f888-37cf-41d5-a1cf-45397c90b31d,TCGA-EE-A2MG,TCGA-SKCM,Primary Tumor,Diagnostic Slide,1,skcm_melanoma,212.9108,low,0,True,tcga,https://api.gdc.cancer.gov/data/9d37f3fd-dea0-4993-877e-cadfdcc8f2f9
87898bfc-86b3-4a1e-8c10-44f1f4ba6e2a,TCGA-EE-A2MJ-01Z-00-DX1.9D80E9EC-CDC4-4162-993E-4586A8E573A1.svs,1.3467520819976926,8509f10a-c454-45a5-9c22-853fda423b9f,TCGA-EE-A2MJ,TCGA-SKCM,Primary Tumor,Diagnostic Slide,1,skcm_melanoma,703.5288,high,1,True,tcga,https://api.gdc.cancer.gov/data/87898bfc-86b3-4a1e-8c10-44f1f4ba6e2a
70f3a255-94cc-4107-817c-333363f294ef,TCGA-D9-A149-01Z-00-DX1.D6073E77-0039-41F9-A1C7-F599188585B0.svs,1.2394957365468144,0b1f4f52-12ec-44ab-8283-a502bdf48c3a,TCGA-D9-A149,TCGA-SKCM,Primary Tumor,Diagnostic Slide,1,skcm_melanoma,47.8885,low,0,True,tcga,https://api.gdc.cancer.gov/data/70f3a255-94cc-4107-817c-333363f294ef
2a2c6045-a63c-41e6-9d80-5fa1506d9196,TCGA-EE-A2MF-01Z-00-DX1.334F600B-994A-4C13-8AD0-6CA622A20230.svs,1.349685595370829,0e2af161-5a1e-47e1-a7ef-010e47b8cb40,TCGA-EE-A2MF,TCGA-SKCM,Primary Tumor,Diagnostic Slide,1,skcm_melanoma,924.3614,high,1,True,tcga,https://api.gdc.cancer.gov/data/2a2c6045-a63c-41e6-9d80-5fa1506d9196
77faa8b3-949f-4164-a97d-e74b05cc21e7,TCGA-ER-A3PL-01Z-00-DX1.D8724F60-92DD-4727-943E-51C89E219813.svs,1.2736555011942985,88314f23-3446-4102-a117-b65a8520d8e6,TCGA-ER-A3PL,TCGA-SKCM,Primary Tumor,Diagnostic Slide,1,skcm_melanoma,35.8916,low,0,True,tcga,https://api.gdc.cancer.gov/data/77faa8b3-949f-4164-a97d-e74b05cc21e7
997a8a23-4571-4989-aa79-e94588adcd28,TCGA-EE-A17Y-06Z-00-DX1.0D310813-3A45-4B49-8338-8146F9760BE4.svs,1.3556561022996902,e699a2a7-dbff-4122-8114-87d70a56f59f,TCGA-EE-A17Y,TCGA-SKCM,Primary Tumor,Diagnostic Slide,1,skcm_melanoma,733.5598,high,1,True,tcga,https://api.gdc.cancer.gov/data/997a8a23-4571-4989-aa79-e94588adcd28
d3607569-5a48-4762-9104-e629daa17963,TCGA-EB-A24C-01Z-00-DX1.C6E7D89C-885B-46B1-B8DE-C4CEE5992A4A.svs,1.28251660335809,2f1bbe96-49d9-417b-bc9c-a09992489340,TCGA-EB-A24C,TCGA-SKCM,Primary Tumor,Diagnostic Slide,1,skcm_melanoma,2.9283,low,0,True,tcga,https://api.gdc.cancer.gov/data/d3607569-5a48-4762-9104-e629daa17963
c8eb9343-5b93-4aa1-b28d-afce3e3f450d,TCGA-EE-A3AD-01Z-00-DX1.43458789-DF9D-4CF4-8CE6-C6C4112B89D0.svs,1.3579285433515906,0f1fb775-c4a2-4a1e-8b09-f935233cdaee,TCGA-EE-A3AD,TCGA-SKCM,Primary Tumor,Diagnostic Slide,1,skcm_melanoma,787.3019,high,1,True,tcga,https://api.gdc.cancer.gov/data/c8eb9343-5b93-4aa1-b28d-afce3e3f450d
0d50a9c1-a670-4f78-93da-6c9444c19bad,TCGA-ER-A1A1-06Z-00-DX1.CD88FBDD-AD5B-4063-8223-DDBA8A1F721B.svs,1.2937844805419445,1251acee-ceb4-4530-ba5b-4d163fcab8d2,TCGA-ER-A1A1,TCGA-SKCM,Primary Tumor,Diagnostic Slide,1,skcm_melanoma,27.6513,low,0,True,tcga,https://api.gdc.cancer.gov/data/0d50a9c1-a670-4f78-93da-6c9444c19bad
969cf1c6-52d1-4353-b712-68c1c5e0d051,TCGA-GN-A262-01Z-00-DX1.64FB584F-24C0-4311-A75F-365CD48D0CD6.svs,1.3582382323220372,e36c9411-773b-4a8e-9b43-895b3cb044c7,TCGA-GN-A262,TCGA-SKCM,Primary Tumor,Diagnostic Slide,1,skcm_melanoma,736.0758,high,1,True,tcga,https://api.gdc.cancer.gov/data/969cf1c6-52d1-4353-b712-68c1c5e0d051
70a21c4f-f0e2-4bbc-a575-7ae4ed6f193a,TCGA-ER-A19L-01Z-00-DX1.1CA310C8-2C7A-4719-9D54-6F2098F43949.svs,1.3031025538221002,5f6df69c-4ebf-4811-8b28-ad393dfbe1a3,TCGA-ER-A19L,TCGA-SKCM,Primary Tumor,Diagnostic Slide,1,skcm_melanoma,87.4326,low,0,True,tcga,https://api.gdc.cancer.gov/data/70a21c4f-f0e2-4bbc-a575-7ae4ed6f193a
04497640-0278-4b8d-9cb7-5366bf2c28ae,TCGA-EE-A184-01Z-00-DX1.66D44004-A355-42FA-A21B-2911C132B0CE.svs,1.3949762051925063,3a8cfea5-1dcd-4dbb-bbd9-5bb602c54922,TCGA-EE-A184,TCGA-SKCM,Primary Tumor,Diagnostic Slide,1,skcm_melanoma,799.7446,high,1,True,tcga,https://api.gdc.cancer.gov/data/04497640-0278-4b8d-9cb7-5366bf2c28ae
6cfe2de0-bfbd-4be3-aef8-a74e471d7603,TCGA-RP-A6K9-01Z-00-DX1.4B236014-BF37-4DB1-89C8-3C598A0D489D.svs,1.3274587718769908,5359d381-e7f2-4155-a559-7da9cda42ed9,TCGA-RP-A6K9,TCGA-SKCM,Primary Tumor,Diagnostic Slide,1,skcm_melanoma,102.7784,low,0,True,tcga,https://api.gdc.cancer.gov/data/6cfe2de0-bfbd-4be3-aef8-a74e471d7603
c70600f8-b4f3-469a-b5c4-afdf999f0471,TCGA-ER-A19F-01Z-00-DX1.198F38A3-FF26-4A41-9E9A-0543D29FAD92.svs,1.404919377528131,0bb8c284-412b-4bbc-a508-d0a21db376cd,TCGA-ER-A19F,TCGA-SKCM,Primary Tumor,Diagnostic Slide,1,skcm_melanoma,970.2432,high,1,True,tcga,https://api.gdc.cancer.gov/data/c70600f8-b4f3-469a-b5c4-afdf999f0471
f1b61d96-90be-4b7e-bace-16e8bd1f6c81,TCGA-EE-A2MI-01Z-00-DX1.1C56D0A7-3FA7-49A6-BBCA-0E6B7BFEA3B5.svs,1.330591226927936,c061ae6c-7a02-47c3-aecd-a56487c01603,TCGA-EE-A2MI,TCGA-SKCM,Primary Tumor,Diagnostic Slide,1,skcm_melanoma,116.8371,low,0,True,tcga,https://api.gdc.cancer.gov/data/f1b61d96-90be-4b7e-bace-16e8bd1f6c81
dc806431-cc53-45f4-9651-1cc779764787,TCGA-OD-A75X-06Z-00-DX1.1632CB25-A6A8-4F5B-8D5E-E6F3CCF5C022.svs,1.4101394833996892,ef9f1829-0eed-47b3-9d44-06d0a8bb2bfb,TCGA-OD-A75X,TCGA-SKCM,Primary Tumor,Diagnostic Slide,1,skcm_melanoma,897.3818,high,1,True,tcga,https://api.gdc.cancer.gov/data/dc806431-cc53-45f4-9651-1cc779764787
dd5fab0a-adb5-4adf-a1f4-5c61f79b4372,TCGA-WE-A8K6-06Z-00-DX1.4729CA63-5901-4E06-A9C7-0EFA3551FC6A.svs,1.3342189071699977,8d7f8f4d-aef9-4d1b-bfb4-7ed85b0797b3,TCGA-WE-A8K6,TCGA-SKCM,Primary Tumor,Diagnostic Slide,1,skcm_melanoma,200.845,low,0,True,tcga,https://api.gdc.cancer.gov/data/dd5fab0a-adb5-4adf-a1f4-5c61f79b4372
05faf4ad-49b3-42a4-8829-b3226c28164e,TCGA-WE-AAA3-06Z-00-DX1.4D21C5FD-48C6-4F90-9137-43AB726DB6BB.svs,1.4298714464530349,cf409c7c-ff82-4529-bda4-554310843bc5,TCGA-WE-AAA3,TCGA-SKCM,Primary Tumor,Diagnostic Slide,1,skcm_melanoma,939.5885,high,1,True,tcga,https://api.gdc.cancer.gov/data/05faf4ad-49b3-42a4-8829-b3226c28164e
e1afe61c-fc75-4927-b04d-0c60f80fa449,TCGA-W3-A828-06Z-00-DX1.1617E01C-D0E8-49F9-9FE1-5D912E9C024A.svs,1.3365844627842307,ba207d79-91c0-45dc-a784-4bcaec580eb4,TCGA-W3-A828,TCGA-SKCM,Primary Tumor,Diagnostic Slide,1,skcm_melanoma,40.2328,low,0,True,tcga,https://api.gdc.cancer.gov/data/e1afe61c-fc75-4927-b04d-0c60f80fa449
87aab0f1-7dd1-4de8-85d9-324fcc2f87b9,TCGA-EE-A2GJ-01Z-00-DX1.8B3B8765-AA75-47E6-80F1-8638D484185C.svs,1.4389063147827983,a5286cd0-403a-421b-ab58-11e250740b00,TCGA-EE-A2GJ,TCGA-SKCM,Primary Tumor,Diagnostic Slide,1,skcm_melanoma,759.8722,high,1,True,tcga,https://api.gdc.cancer.gov/data/87aab0f1-7dd1-4de8-85d9-324fcc2f87b9
92d9d7e8-a3a4-4384-83fa-4cfb1153dd22,TCGA-GN-A26C-01Z-00-DX1.E6395A6B-21CA-4994-9F01-738B915ADFB8.svs,1.3611000021919608,fa099993-ef30-4eff-a8fb-aa41b5ea671a,TCGA-GN-A26C,TCGA-SKCM,Primary Tumor,Diagnostic Slide,1,skcm_melanoma,47.2804,low,0,True,tcga,https://api.gdc.cancer.gov/data/92d9d7e8-a3a4-4384-83fa-4cfb1153dd22
5a6f8c97-a469-4616-8b35-4d3a3d351c91,TCGA-EE-A2A2-01Z-00-DX1.D527C2E8-7AF4-484E-A0A5-1EB44EDAF00E.svs,1.444140867330134,585a8d2e-cd09-4a61-b7c9-e8f70ce39e69,TCGA-EE-A2A2,TCGA-SKCM,Primary Tumor,Diagnostic Slide,1,skcm_melanoma,800.4213,high,1,True,tcga,https://api.gdc.cancer.gov/data/5a6f8c97-a469-4616-8b35-4d3a3d351c91
3915b4ba-42e3-4853-b74e-2bb01adafef7,TCGA-EE-A2MM-01Z-00-DX1.8EBF6AD7-6812-4779-932A-665F898E18AA.svs,1.3784334445372224,c9dea107-fc12-4559-ad27-2800ae6b42e4,TCGA-EE-A2MM,TCGA-SKCM,Primary Tumor,Diagnostic Slide,1,skcm_melanoma,149.8073,low,0,True,tcga,https://api.gdc.cancer.gov/data/3915b4ba-42e3-4853-b74e-2bb01adafef7
6d6c0c16-b5be-4ef5-a625-b1ef5e0cede2,TCGA-WE-A8ZO-06Z-00-DX1.6679C145-BB41-4696-96FE-94646701122F.svs,1.4638031823560596,b6750b08-c59d-49b9-8c08-a19e17cb366f,TCGA-WE-A8ZO,TCGA-SKCM,Primary Tumor,Diagnostic Slide,1,skcm_melanoma,691.1663,high,1,True,tcga,https://api.gdc.cancer.gov/data/6d6c0c16-b5be-4ef5-a625-b1ef5e0cede2
2e1d1adc-b04b-4c1b-a3a3-f08cc42721d4,TCGA-EE-A3AF-01Z-00-DX1.8EA9A3D2-FDA6-4BCE-AC29-174003739C48.svs,1.398420668207109,015ba831-106b-4b84-9e8c-243a9eeeebf6,TCGA-EE-A3AF,TCGA-SKCM,Primary Tumor,Diagnostic Slide,1,skcm_melanoma,7.479,low,0,True,tcga,https://api.gdc.cancer.gov/data/2e1d1adc-b04b-4c1b-a3a3-f08cc42721d4
d4407444-e725-418c-ac60-7a5ec986a267,TCGA-D9-A1X3-06Z-00-DX1.17AC16CC-5B22-46B3-B9C4-9E1F9C688D84.svs,1.488811556249857,f0744fa2-db4a-40de-9fd2-f61863fd98d4,TCGA-D9-A1X3,TCGA-SKCM,Primary Tumor,Diagnostic Slide,1,skcm_melanoma,746.1655,high,1,True,tcga,https://api.gdc.cancer.gov/data/d4407444-e725-418c-ac60-7a5ec986a267
6cb1e2f7-01d5-43b3-9671-f70b97d4e510,TCGA-EE-A2GE-01Z-00-DX1.2B876F5F-751B-4416-942D-42D3A1E7E0A7.svs,1.495905146934092,4801c721-166f-4939-8ab7-aa024bec7089,TCGA-EE-A2GE,TCGA-SKCM,Primary Tumor,Diagnostic Slide,1,skcm_melanoma,96.9086,low,0,True,tcga,https://api.gdc.cancer.gov/data/6cb1e2f7-01d5-43b3-9671-f70b97d4e510
baac9e55-5b84-47da-89a5-88b9e1381f26,TCGA-EE-A20F-01Z-00-DX1.78401458-3FDA-4D9D-8567-878E6D28EF5C.svs,1.509114428423345,70f52403-b4d0-4e77-96c5-68ce7265e312,TCGA-EE-A20F,TCGA-SKCM,Primary Tumor,Diagnostic Slide,1,skcm_melanoma,741.2727,high,1,True,tcga,https://api.gdc.cancer.gov/data/baac9e55-5b84-47da-89a5-88b9e1381f26
1c9e5b03-bec4-40e5-80c1-e74d669d6b2d,TCGA-EE-A2MR-01Z-00-DX1.F5AB5CC6-0D9A-4438-804D-FA4636D966F2.svs,1.51046356651932,449c9d70-d8aa-41d4-beeb-0bbfc73a23d8,TCGA-EE-A2MR,TCGA-SKCM,Primary Tumor,Diagnostic Slide,1,skcm_melanoma,48.864,low,0,True,tcga,https://api.gdc.cancer.gov/data/1c9e5b03-bec4-40e5-80c1-e74d669d6b2d
345c4ef3-679e-4a0e-b4af-a485865b7f3d,TCGA-EB-A5KH-06Z-00-DX1.BBB3714B-4514-437F-BD3F-72783EC861C3.svs,1.5766939986497164,0eb0b477-1c7a-4416-895a-ea6463dbe847,TCGA-EB-A5KH,TCGA-SKCM,Primary Tumor,Diagnostic Slide,1,skcm_melanoma,1968.0698,high,1,True,tcga,https://api.gdc.cancer.gov/data/345c4ef3-679e-4a0e-b4af-a485865b7f3d
43116fe4-e179-4114-a3c5-233232bacf50,TCGA-WE-A8ZN-06Z-00-DX1.9134D58D-8DE3-4310-9E0E-8095CF3FDA6C.svs,1.5433245906606317,f311877d-021a-423b-a6f5-e574c9a3ca7c,TCGA-WE-A8ZN,TCGA-SKCM,Primary Tumor,Diagnostic Slide,1,skcm_melanoma,166.8647,low,0,True,tcga,https://api.gdc.cancer.gov/data/43116fe4-e179-4114-a3c5-233232bacf50
96b3723e-106f-42e9-b069-ebd869963794,TCGA-EE-A29H-01Z-00-DX1.A0FAC7B5-384A-4178-ABAD-4C6A8A258AE2.svs,1.582106745801866,c8ba1856-d055-4dc6-a184-72763c76aae4,TCGA-EE-A29H,TCGA-SKCM,Primary Tumor,Diagnostic Slide,1,skcm_melanoma,679.4278,high,1,True,tcga,https://api.gdc.cancer.gov/data/96b3723e-106f-42e9-b069-ebd869963794
6cf4e912-78ab-41fa-bdbb-7d9010711ce0,TCGA-EE-A2ME-01Z-00-DX1.E7D69A52-3A0D-4001-8EA5-57100083550D.svs,1.5709581589326262,d70e0d27-7f27-4807-a36e-9fb7b00f0a70,TCGA-EE-A2ME,TCGA-SKCM,Primary Tumor,Diagnostic Slide,1,skcm_melanoma,0.7029,low,0,True,tcga,https://api.gdc.cancer.gov/data/6cf4e912-78ab-41fa-bdbb-7d9010711ce0
6d25842f-b61d-40d2-b444-7c1b7e015bd1,TCGA-EE-A2M6-01Z-00-DX1.78D26DB4-610E-46E8-87C6-192A1E4741BC.svs,1.630778574384749,58f0ae89-e277-4dff-bb73-777cdf602dc7,TCGA-EE-A2M6,TCGA-SKCM,Primary Tumor,Diagnostic Slide,1,skcm_melanoma,1213.0544,high,1,True,tcga,https://api.gdc.cancer.gov/data/6d25842f-b61d-40d2-b444-7c1b7e015bd1
f23db5f3-6b2e-471e-9b18-e477140d9a5e,TCGA-ER-A2NB-01Z-00-DX1.323F02C6-D07A-41B6-BEE3-DE212F657A3E.svs,1.595236866734922,bda2f09a-82c4-40ec-90e8-0bf63916a5c7,TCGA-ER-A2NB,TCGA-SKCM,Primary Tumor,Diagnostic Slide,1,skcm_melanoma,110.2936,low,0,True,tcga,https://api.gdc.cancer.gov/data/f23db5f3-6b2e-471e-9b18-e477140d9a5e
d44f179f-1675-4284-b576-550d60d77b67,TCGA-EE-A2MN-01Z-00-DX1.F91FB49A-E798-49F4-AAE3-94A76B457359.svs,1.69486849848181,0797caaf-18ad-41c6-820a-e96554d14b31,TCGA-EE-A2MN,TCGA-SKCM,Primary Tumor,Diagnostic Slide,1,skcm_melanoma,729.6315,high,1,True,tcga,https://api.gdc.cancer.gov/data/d44f179f-1675-4284-b576-550d60d77b67
cecfa9a5-bcd3-49af-a391-fb3f69793a99,TCGA-D3-A8GM-06Z-00-DX1.70B7B587-81C9-472A-8E31-71D3892156BA.svs,1.6204293426126242,44b5453a-3009-43b9-bc34-71a11a6d5e63,TCGA-D3-A8GM,TCGA-SKCM,Primary Tumor,Diagnostic Slide,1,skcm_melanoma,0.2874,low,0,True,tcga,https://api.gdc.cancer.gov/data/cecfa9a5-bcd3-49af-a391-fb3f69793a99
30c971ec-ea4d-4c56-8335-ab2fa56e3f37,TCGA-WE-A8K4-01Z-00-DX1.C2B24058-E4F7-4AE2-9527-7BF524A6C3F3.svs,1.7026349483057857,e865b9be-ca10-4805-9634-2f35ad18b63e,TCGA-WE-A8K4,TCGA-SKCM,Primary Tumor,Diagnostic Slide,1,skcm_melanoma,762.7576,high,1,True,tcga,https://api.gdc.cancer.gov/data/30c971ec-ea4d-4c56-8335-ab2fa56e3f37
18a6b229-aa29-42c7-916e-73badb4a6a21,TCGA-GN-A263-01Z-00-DX1.94D0B4EA-8AF9-415E-9D08-BF1F9903D468.svs,1.7076130202040076,08d2b181-2b6e-4754-bfa9-5a94a1f18526,TCGA-GN-A263,TCGA-SKCM,Primary Tumor,Diagnostic Slide,1,skcm_melanoma,70.8431,low,0,True,tcga,https://api.gdc.cancer.gov/data/18a6b229-aa29-42c7-916e-73badb4a6a21
2a244302-4e2b-47b6-8487-d099100d69f3,TCGA-GN-A26D-01Z-00-DX1.C15A8493-006C-4595-864C-DA8DA21ADADE.svs,1.707615508697927,b6b51b28-bdee-4fe6-a3f3-7b128e16721c,TCGA-GN-A26D,TCGA-SKCM,Primary Tumor,Diagnostic Slide,1,skcm_melanoma,842.2798,high,1,True,tcga,https://api.gdc.cancer.gov/data/2a244302-4e2b-47b6-8487-d099100d69f3
40f72555-1818-40ed-8c0d-c5939f173209,TCGA-FR-A8YE-06Z-00-DX1.3B3CEEB1-86BF-4B7D-A6B8-5421552F6CCB.svs,1.713879831135273,a0bb7e56-85e1-4bc7-9515-f4279356e6d1,TCGA-FR-A8YE,TCGA-SKCM,Primary Tumor,Diagnostic Slide,1,skcm_melanoma,40.6279,low,0,True,tcga,https://api.gdc.cancer.gov/data/40f72555-1818-40ed-8c0d-c5939f173209
656a859f-ba4a-4a54-ae94-7631f4f885bd,TCGA-D9-A6EC-01Z-00-DX1.5F4CB042-C371-44FA-9653-EDB218C6733D.svs,1.7138365814462304,af915978-c5e1-4dd4-ab0e-d2be5ac0ae4f,TCGA-D9-A6EC,TCGA-SKCM,Primary Tumor,Diagnostic Slide,1,skcm_melanoma,735.9379,high,1,True,tcga,https://api.gdc.cancer.gov/data/656a859f-ba4a-4a54-ae94-7631f4f885bd
70e85c75-8fef-482b-bb7d-ff72f606b983,TCGA-ER-A195-01Z-00-DX1.90F626B4-B6B2-45FB-AABC-1E984AE08237.svs,1.715291135944426,51b4e55c-5307-4a13-9b2a-fbd58575335e,TCGA-ER-A195,TCGA-SKCM,Primary Tumor,Diagnostic Slide,1,skcm_melanoma,202.1701,low,0,True,tcga,https://api.gdc.cancer.gov/data/70e85c75-8fef-482b-bb7d-ff72f606b983
8007822f-e9fe-4e33-80ce-1332f7097e97,TCGA-D9-A1X3-06Z-00-DX2.B7119EA5-DADA-456F-B4A0-BF45E44E0BCF.svs,1.7151741795241833,f0744fa2-db4a-40de-9fd2-f61863fd98d4,TCGA-D9-A1X3,TCGA-SKCM,Primary Tumor,Diagnostic Slide,1,skcm_melanoma,746.1655,high,1,True,tcga,https://api.gdc.cancer.gov/data/8007822f-e9fe-4e33-80ce-1332f7097e97
483691a5-23b1-4788-90c5-1c136e4c09fa,TCGA-WE-AA9Y-06Z-00-DX1.83813BA4-04FA-4AEA-A50D-B962A753A59E.svs,1.729871335439384,122f855b-f3b8-440b-bf9b-e24e1d3db867,TCGA-WE-AA9Y,TCGA-SKCM,Primary Tumor,Diagnostic Slide,1,skcm_melanoma,0.3181,low,0,True,tcga,https://api.gdc.cancer.gov/data/483691a5-23b1-4788-90c5-1c136e4c09fa
0f9b1b9c-63c4-4d35-abd8-48afec6b5a78,TCGA-YG-AA3P-01Z-00-DX1.A7495FDB-C66E-4633-A29C-0FE7A4823E28.svs,1.7261157790198922,f1713c39-26b8-4667-a08b-f8cf6d2b8e13,TCGA-YG-AA3P,TCGA-SKCM,Primary Tumor,Diagnostic Slide,1,skcm_melanoma,1394.4715,high,1,True,tcga,https://api.gdc.cancer.gov/data/0f9b1b9c-63c4-4d35-abd8-48afec6b5a78
653ccd11-8720-4ff4-972b-f265bcf89ba7,TCGA-ER-A196-01Z-00-DX1.54FAFEC7-851D-4D8A-9F25-B334F52548D4.svs,1.785559411160648,a9eb1022-ffd3-42de-a39d-2126fc7ec0ce,TCGA-ER-A196,TCGA-SKCM,Primary Tumor,Diagnostic Slide,1,skcm_melanoma,218.9973,low,0,True,tcga,https://api.gdc.cancer.gov/data/653ccd11-8720-4ff4-972b-f265bcf89ba7
032e5196-5de8-4211-8d12-7e4721fe514e,TCGA-ER-A42H-01Z-00-DX1.093FF55F-A71B-48E4-8897-C8002D4BF5D2.svs,1.7444693623110652,ea3c0988-17c7-4eb0-a1a6-cef1e0865384,TCGA-ER-A42H,TCGA-SKCM,Primary Tumor,Diagnostic Slide,1,skcm_melanoma,933.0321,high,1,True,tcga,https://api.gdc.cancer.gov/data/032e5196-5de8-4211-8d12-7e4721fe514e
b4bb392c-91aa-4c47-b1f4-e1d5503aa0de,TCGA-ER-A2ND-01Z-00-DX1.F2F060DC-995C-467C-8C5C-2C041BB13AD0.svs,1.8828273313120008,1b3f92b7-658a-4bbd-b086-20c1cd976d54,TCGA-ER-A2ND,TCGA-SKCM,Primary Tumor,Diagnostic Slide,1,skcm_melanoma,158.8548,low,0,True,tcga,https://api.gdc.cancer.gov/data/b4bb392c-91aa-4c47-b1f4-e1d5503aa0de
f6e7a4dd-81bd-4ff9-95a0-279884e52d9c,TCGA-FR-A8YC-06Z-00-DX1.C74DAE48-0901-4858-A47B-CAF5ED89C5D0.svs,1.7490146793425083,d781260c-f969-456e-bf16-044dc5b181a4,TCGA-FR-A8YC,TCGA-SKCM,Primary Tumor,Diagnostic Slide,1,skcm_melanoma,784.7879,high,1,True,tcga,https://api.gdc.cancer.gov/data/f6e7a4dd-81bd-4ff9-95a0-279884e52d9c
24ab484d-0e4c-47c9-99cf-c99d5de74718,TCGA-EE-A29P-01Z-00-DX1.E4E718E1-C5C3-477E-8073-F30C4D0A52C3.svs,1.9228488886728885,fd1a49f2-fb3b-481d-888e-f4224d59f6d1,TCGA-EE-A29P,TCGA-SKCM,Primary Tumor,Diagnostic Slide,1,skcm_melanoma,50.2872,low,0,True,tcga,https://api.gdc.cancer.gov/data/24ab484d-0e4c-47c9-99cf-c99d5de74718
466b1b5d-a62b-4a67-b9a9-85522990b77d,TCGA-FS-A1ZN-01Z-00-DX6.465E4569-54BC-4EF0-AE51-0995B2967914.svs,1.7587861632928252,9d86940d-50fb-4d2f-8b1e-539196885f46,TCGA-FS-A1ZN,TCGA-SKCM,Primary Tumor,Diagnostic Slide,1,skcm_melanoma,840.4743,high,1,True,tcga,https://api.gdc.cancer.gov/data/466b1b5d-a62b-4a67-b9a9-85522990b77d
455980fb-ddb4-464b-99e2-e2c207a62ba2,TCGA-ER-A42L-06Z-00-DX1.EFC23C96-F0A5-4ADA-BE77-11B967531BEC.svs,1.9771263375878332,021a9431-7fdc-42b8-9ff0-e17ded79ff1d,TCGA-ER-A42L,TCGA-SKCM,Primary Tumor,Diagnostic Slide,1,skcm_melanoma,39.9285,low,0,True,tcga,https://api.gdc.cancer.gov/data/455980fb-ddb4-464b-99e2-e2c207a62ba2
3b3a25cc-1504-4035-896c-08d1dfc44ed7,TCGA-EE-A29M-01Z-00-DX1.B8AD762F-33AD-4A91-8366-5415677614BB.svs,1.8128987094387408,1af5d168-a3ff-4648-b195-ede2e7a5ca26,TCGA-EE-A29M,TCGA-SKCM,Primary Tumor,Diagnostic Slide,1,skcm_melanoma,1557.1571,high,1,True,tcga,https://api.gdc.cancer.gov/data/3b3a25cc-1504-4035-896c-08d1dfc44ed7
5af3c5d3-5836-4816-b80a-3c66ae9bf04a,TCGA-EE-A2MU-01Z-00-DX1.B7B9D5C6-B571-44B5-9B4A-10380F29F4CF.svs,1.9869030034169557,0dcd7af7-ea83-4131-821d-a17943919c1a,TCGA-EE-A2MU,TCGA-SKCM,Primary Tumor,Diagnostic Slide,1,skcm_melanoma,59.7618,low,0,True,tcga,https://api.gdc.cancer.gov/data/5af3c5d3-5836-4816-b80a-3c66ae9bf04a
de5e2841-c54a-4435-b91f-69ca13145c65,TCGA-EE-A3AC-01Z-00-DX1.88164694-3D29-4D4F-AFF1-8E8425FA7A56.svs,1.8579154731705785,c5476668-4b3f-47bb-9d67-488cef891243,TCGA-EE-A3AC,TCGA-SKCM,Primary Tumor,Diagnostic Slide,1,skcm_melanoma,745.5098,high,1,True,tcga,https://api.gdc.cancer.gov/data/de5e2841-c54a-4435-b91f-69ca13145c65
d9df9b0c-b2d4-4caf-ab1c-edd83eb55c89,TCGA-GN-A266-06Z-00-DX1.BE2DBE7E-A08E-4EB8-8287-52353ED5D02A.svs,1.988638762384653,3429967f-4f77-4894-bf27-c4a22698ca92,TCGA-GN-A266,TCGA-SKCM,Primary Tumor,Diagnostic Slide,1,skcm_melanoma,62.0667,low,0,True,tcga,https://api.gdc.cancer.gov/data/d9df9b0c-b2d4-4caf-ab1c-edd83eb55c89
e2af1d01-781a-48fc-94f4-924dc3b297c1,TCGA-ER-A2NF-01Z-00-DX2.01ACC455-4161-4EF1-8478-3C4DF709F6D6.svs,1.8649885654449463,d32a4219-4cca-470f-b6b3-11447d9f5e0b,TCGA-ER-A2NF,TCGA-SKCM,Primary Tumor,Diagnostic Slide,1,skcm_melanoma,703.767,high,1,True,tcga,https://api.gdc.cancer.gov/data/e2af1d01-781a-48fc-94f4-924dc3b297c1
242af149-4640-4ade-9409-2c697816c545,TCGA-ER-A19A-01Z-00-DX1.75490B10-9604-4846-96BA-E932489E51AB.svs,2.099013210274279,41fcb9d3-9fb0-4625-98f4-1f564095ebc2,TCGA-ER-A19A,TCGA-SKCM,Primary Tumor,Diagnostic Slide,1,skcm_melanoma,29.359,low,0,True,tcga,https://api.gdc.cancer.gov/data/242af149-4640-4ade-9409-2c697816c545
82a8eb4e-2922-4b94-a843-2a2ed3018542,TCGA-D9-A148-01Z-00-DX1.073C186D-B676-4E50-B762-1C61C7EDD92A.svs,1.922390169464052,fed23055-1600-4128-8d73-e1aa902a9d1d,TCGA-D9-A148,TCGA-SKCM,Primary Tumor,Diagnostic Slide,1,skcm_melanoma,1281.0333,high,1,True,tcga,https://api.gdc.cancer.gov/data/82a8eb4e-2922-4b94-a843-2a2ed3018542
036dbad6-67bb-4494-96e1-d927a64561b7,TCGA-EE-A2GK-01Z-00-DX1.0AB26CDF-352D-4B2E-BC34-1F533911B954.svs,2.0996246403083205,f18cfe4a-fffd-4e09-9eef-343ba9ffd0d1,TCGA-EE-A2GK,TCGA-SKCM,Primary Tumor,Diagnostic Slide,1,skcm_melanoma,17.8074,low,0,True,tcga,https://api.gdc.cancer.gov/data/036dbad6-67bb-4494-96e1-d927a64561b7
a221e88a-d823-44e0-a003-e4727613212d,TCGA-GN-A4U8-11A-01-TSA.DAC058B9-0BC2-45D5-B806-4684BD66AF91.svs,0.05625081714242697,d3b77da8-be1d-4955-b1c7-55b7769785e8,TCGA-GN-A4U8,TCGA-SKCM,Solid Tissue Normal,Tissue Slide,0,skcm_normal,,,,False,tcga_unmeasured,https://api.gdc.cancer.gov/data/a221e88a-d823-44e0-a003-e4727613212d
dc0b463d-9b05-49ee-b4e0-085496e8f145,TCGA-FW-A3R5-11A-01-TS1.1819E2F3-2A33-4DEE-A218-EFA64BDB8018.svs,0.08761486317962408,e5bc45ce-8a14-40b5-b9b5-ce45609fef3a,TCGA-FW-A3R5,TCGA-SKCM,Solid Tissue Normal,Tissue Slide,0,skcm_normal,,,,False,tcga_unmeasured,https://api.gdc.cancer.gov/data/dc0b463d-9b05-49ee-b4e0-085496e8f145
7aa34209-55c1-4d83-b569-19ace9150ec2,TCGA-FW-A5DY-11A-01-TS1.58F948E1-1DF0-4E13-A1FA-2EF0EEDDE354.svs,0.05588374938815832,9a7656cf-75a4-4b1f-a2d2-25e3ec147e63,TCGA-FW-A5DY,TCGA-SKCM,Solid Tissue Normal,Tissue Slide,0,skcm_normal,,,,False,tcga_unmeasured,https://api.gdc.cancer.gov/data/7aa34209-55c1-4d83-b569-19ace9150ec2
GTEX-11EMC-2926-SM-5EQ4F,GTEX-11EMC-2926-SM-5EQ4F.svs,,GTEX-11EMC,GTEX-11EMC,GTEx,Normal - sun_exposed,Diagnostic Slide,0,gtex_normal,0.0,,,True,gtex,https://brd.nci.nih.gov/brd/imagedownload/GTEX-11EMC-2926-SM-5EQ4F
GTEX-1R9K5-0126-SM-G8ON3,GTEX-1R9K5-0126-SM-G8ON3.svs,,GTEX-1R9K5,GTEX-1R9K5,GTEx,Normal - sun_exposed,Diagnostic Slide,0,gtex_normal,0.0,,,True,gtex,https://brd.nci.nih.gov/brd/imagedownload/GTEX-1R9K5-0126-SM-G8ON3
GTEX-P4PP-0126-SM-3LK69,GTEX-P4PP-0126-SM-3LK69.svs,,GTEX-P4PP,GTEX-P4PP,GTEx,Normal - sun_exposed,Diagnostic Slide,0,gtex_normal,0.0,,,True,gtex,https://brd.nci.nih.gov/brd/imagedownload/GTEX-P4PP-0126-SM-3LK69
GTEX-1PBJJ-0126-SM-GPIAI,GTEX-1PBJJ-0126-SM-GPIAI.svs,,GTEX-1PBJJ,GTEX-1PBJJ,GTEx,Normal - sun_exposed,Diagnostic Slide,0,gtex_normal,0.0,,,True,gtex,https://brd.nci.nih.gov/brd/imagedownload/GTEX-1PBJJ-0126-SM-GPIAI
GTEX-1RAZR-0126-SM-G8OKK,GTEX-1RAZR-0126-SM-G8OKK.svs,,GTEX-1RAZR,GTEX-1RAZR,GTEx,Normal - sun_exposed,Diagnostic Slide,0,gtex_normal,0.0,,,True,gtex,https://brd.nci.nih.gov/brd/imagedownload/GTEX-1RAZR-0126-SM-G8OKK
GTEX-1AX9K-2326-SM-73KWU,GTEX-1AX9K-2326-SM-73KWU.svs,,GTEX-1AX9K,GTEX-1AX9K,GTEx,Normal - sun_exposed,Diagnostic Slide,0,gtex_normal,0.0,,,True,gtex,https://brd.nci.nih.gov/brd/imagedownload/GTEX-1AX9K-2326-SM-73KWU
GTEX-117YW-2626-SM-5GZZH,GTEX-117YW-2626-SM-5GZZH.svs,,GTEX-117YW,GTEX-117YW,GTEx,Normal - sun_exposed,Diagnostic Slide,0,gtex_normal,0.0,,,True,gtex,https://brd.nci.nih.gov/brd/imagedownload/GTEX-117YW-2626-SM-5GZZH
GTEX-ZWKS-0126-SM-5MR7B,GTEX-ZWKS-0126-SM-5MR7B.svs,,GTEX-ZWKS,GTEX-ZWKS,GTEx,Normal - sun_exposed,Diagnostic Slide,0,gtex_normal,0.0,,,True,gtex,https://brd.nci.nih.gov/brd/imagedownload/GTEX-ZWKS-0126-SM-5MR7B
GTEX-1LH75-2426-SM-E9TJE,GTEX-1LH75-2426-SM-E9TJE.svs,,GTEX-1LH75,GTEX-1LH75,GTEx,Normal - sun_exposed,Diagnostic Slide,0,gtex_normal,0.014884,,,True,gtex,https://brd.nci.nih.gov/brd/imagedownload/GTEX-1LH75-2426-SM-E9TJE
GTEX-ZLWG-2326-SM-GOQYZ,GTEX-ZLWG-2326-SM-GOQYZ.svs,,GTEX-ZLWG,GTEX-ZLWG,GTEx,Normal - sun_exposed,Diagnostic Slide,0,gtex_normal,0.01702,,,True,gtex,https://brd.nci.nih.gov/brd/imagedownload/GTEX-ZLWG-2326-SM-GOQYZ
GTEX-14PKU-1826-SM-GNTBD,GTEX-14PKU-1826-SM-GNTBD.svs,,GTEX-14PKU,GTEX-14PKU,GTEx,Normal - sun_exposed,Diagnostic Slide,0,gtex_normal,0.019283,,,True,gtex,https://brd.nci.nih.gov/brd/imagedownload/GTEX-14PKU-1826-SM-GNTBD
GTEX-1N2EF-0226-SM-EYYXB,GTEX-1N2EF-0226-SM-EYYXB.svs,,GTEX-1N2EF,GTEX-1N2EF,GTEx,Normal - sun_exposed,Diagnostic Slide,0,gtex_normal,0.020633,,,True,gtex,https://brd.nci.nih.gov/brd/imagedownload/GTEX-1N2EF-0226-SM-EYYXB
GTEX-13X6K-0126-SM-GI4X1,GTEX-13X6K-0126-SM-GI4X1.svs,,GTEX-13X6K,GTEX-13X6K,GTEx,Normal - sun_exposed,Diagnostic Slide,0,gtex_normal,0.021473,,,True,gtex,https://brd.nci.nih.gov/brd/imagedownload/GTEX-13X6K-0126-SM-GI4X1
GTEX-XUYS-0126-SM-47JWZ,GTEX-XUYS-0126-SM-47JWZ.svs,,GTEX-XUYS,GTEX-XUYS,GTEx,Normal - sun_exposed,Diagnostic Slide,0,gtex_normal,0.02308,,,True,gtex,https://brd.nci.nih.gov/brd/imagedownload/GTEX-XUYS-0126-SM-47JWZ
GTEX-1MCYP-1926-SM-E9J2R,GTEX-1MCYP-1926-SM-E9J2R.svs,,GTEX-1MCYP,GTEX-1MCYP,GTEx,Normal - sun_exposed,Diagnostic Slide,0,gtex_normal,0.024683,,,True,gtex,https://brd.nci.nih.gov/brd/imagedownload/GTEX-1MCYP-1926-SM-E9J2R
GTEX-1B97I-1626-SM-73KYO,GTEX-1B97I-1626-SM-73KYO.svs,,GTEX-1B97I,GTEX-1B97I,GTEx,Normal - sun_exposed,Diagnostic Slide,0,gtex_normal,0.026666,,,True,gtex,https://brd.nci.nih.gov/brd/imagedownload/GTEX-1B97I-1626-SM-73KYO
GTEX-13VXU-0126-SM-5MR6G,GTEX-13VXU-0126-SM-5MR6G.svs,,GTEX-13VXU,GTEX-13VXU,GTEx,Normal - sun_exposed,Diagnostic Slide,0,gtex_normal,0.030518,,,True,gtex,https://brd.nci.nih.gov/brd/imagedownload/GTEX-13VXU-0126-SM-5MR6G
GTEX-1N2DV-0226-SM-E6CJ6,GTEX-1N2DV-0226-SM-E6CJ6.svs,,GTEX-1N2DV,GTEX-1N2DV,GTEx,Normal - sun_exposed,Diagnostic Slide,0,gtex_normal,0.032557,,,True,gtex,https://brd.nci.nih.gov/brd/imagedownload/GTEX-1N2DV-0226-SM-E6CJ6
GTEX-1AX9J-0226-SM-73KXM,GTEX-1AX9J-0226-SM-73KXM.svs,,GTEX-1AX9J,GTEX-1AX9J,GTEx,Normal - sun_exposed,Diagnostic Slide,0,gtex_normal,0.03536,,,True,gtex,https://brd.nci.nih.gov/brd/imagedownload/GTEX-1AX9J-0226-SM-73KXM
GTEX-15EOM-0126-SM-7KUGG,GTEX-15EOM-0126-SM-7KUGG.svs,,GTEX-15EOM,GTEX-15EOM,GTEx,Normal - sun_exposed,Diagnostic Slide,0,gtex_normal,0.037698,,,True,gtex,https://brd.nci.nih.gov/brd/imagedownload/GTEX-15EOM-0126-SM-7KUGG
GTEX-1I1GR-0126-SM-CL55F,GTEX-1I1GR-0126-SM-CL55F.svs,,GTEX-1I1GR,GTEX-1I1GR,GTEx,Normal - sun_exposed,Diagnostic Slide,0,gtex_normal,0.038588,,,True,gtex,https://brd.nci.nih.gov/brd/imagedownload/GTEX-1I1GR-0126-SM-CL55F
GTEX-183FY-0126-SM-7LT9P,GTEX-183FY-0126-SM-7LT9P.svs,,GTEX-183FY,GTEX-183FY,GTEx,Normal - sun_exposed,Diagnostic Slide,0,gtex_normal,0.039648,,,True,gtex,https://brd.nci.nih.gov/brd/imagedownload/GTEX-183FY-0126-SM-7LT9P
GTEX-1RLM8-2326-SM-EWRN4,GTEX-1RLM8-2326-SM-EWRN4.svs,,GTEX-1RLM8,GTEX-1RLM8,GTEx,Normal - sun_exposed,Diagnostic Slide,0,gtex_normal,0.041195,,,True,gtex,https://brd.nci.nih.gov/brd/imagedownload/GTEX-1RLM8-2326-SM-EWRN4
GTEX-13FXS-0226-SM-5IJCK,GTEX-13FXS-0226-SM-5IJCK.svs,,GTEX-13FXS,GTEX-13FXS,GTEx,Normal - sun_exposed,Diagnostic Slide,0,gtex_normal,0.043502,,,True,gtex,https://brd.nci.nih.gov/brd/imagedownload/GTEX-13FXS-0226-SM-5IJCK
GTEX-17JCI-0126-SM-7LG5G,GTEX-17JCI-0126-SM-7LG5G.svs,,GTEX-17JCI,GTEX-17JCI,GTEx,Normal - sun_exposed,Diagnostic Slide,0,gtex_normal,0.044571,,,True,gtex,https://brd.nci.nih.gov/brd/imagedownload/GTEX-17JCI-0126-SM-7LG5G
GTEX-13VXT-0126-SM-5LU4I,GTEX-13VXT-0126-SM-5LU4I.svs,,GTEX-13VXT,GTEX-13VXT,GTEx,Normal - sun_exposed,Diagnostic Slide,0,gtex_normal,0.045755,,,True,gtex,https://brd.nci.nih.gov/brd/imagedownload/GTEX-13VXT-0126-SM-5LU4I
GTEX-14A6H-0126-SM-5QGPK,GTEX-14A6H-0126-SM-5QGPK.svs,,GTEX-14A6H,GTEX-14A6H,GTEx,Normal - sun_exposed,Diagnostic Slide,0,gtex_normal,0.047968,,,True,gtex,https://brd.nci.nih.gov/brd/imagedownload/GTEX-14A6H-0126-SM-5QGPK
GTEX-1211K-2026-SM-5EQ4Z,GTEX-1211K-2026-SM-5EQ4Z.svs,,GTEX-1211K,GTEX-1211K,GTEx,Normal - sun_exposed,Diagnostic Slide,0,gtex_normal,0.049902,,,True,gtex,https://brd.nci.nih.gov/brd/imagedownload/GTEX-1211K-2026-SM-5EQ4Z
GTEX-14LLW-0126-SM-6LLIO,GTEX-14LLW-0126-SM-6LLIO.svs,,GTEX-14LLW,GTEX-14LLW,GTEx,Normal - sun_exposed,Diagnostic Slide,0,gtex_normal,0.051965,,,True,gtex,https://brd.nci.nih.gov/brd/imagedownload/GTEX-14LLW-0126-SM-6LLIO
GTEX-1GF9X-2026-SM-7PC3A,GTEX-1GF9X-2026-SM-7PC3A.svs,,GTEX-1GF9X,GTEX-1GF9X,GTEx,Normal - sun_exposed,Diagnostic Slide,0,gtex_normal,0.053578,,,True,gtex,https://brd.nci.nih.gov/brd/imagedownload/GTEX-1GF9X-2026-SM-7PC3A
GTEX-1S82Z-0826-SM-E6CHY,GTEX-1S82Z-0826-SM-E6CHY.svs,,GTEX-1S82Z,GTEX-1S82Z,GTEx,Normal - sun_exposed,Diagnostic Slide,0,gtex_normal,0.054772,,,True,gtex,https://brd.nci.nih.gov/brd/imagedownload/GTEX-1S82Z-0826-SM-E6CHY
GTEX-145LT-1726-SM-5QGP3,GTEX-145LT-1726-SM-5QGP3.svs,,GTEX-145LT,GTEX-145LT,GTEx,Normal - sun_exposed,Diagnostic Slide,0,gtex_normal,0.055915,,,True,gtex,https://brd.nci.nih.gov/brd/imagedownload/GTEX-145LT-1726-SM-5QGP3
GTEX-1PIIG-0226-SM-EWRN6,GTEX-1PIIG-0226-SM-EWRN6.svs,,GTEX-1PIIG,GTEX-1PIIG,GTEx,Normal - sun_exposed,Diagnostic Slide,0,gtex_normal,0.057474,,,True,gtex,https://brd.nci.nih.gov/brd/imagedownload/GTEX-1PIIG-0226-SM-EWRN6
GTEX-ZV68-0126-SM-59HKS,GTEX-ZV68-0126-SM-59HKS.svs,,GTEX-ZV68,GTEX-ZV68,GTEx,Normal - sun_exposed,Diagnostic Slide,0,gtex_normal,0.059073,,,True,gtex,https://brd.nci.nih.gov/brd/imagedownload/GTEX-ZV68-0126-SM-59HKS
GTEX-15EU6-0426-SM-6PAN5,GTEX-15EU6-0426-SM-6PAN5.svs,,GTEX-15EU6,GTEX-15EU6,GTEx,Normal - sun_exposed,Diagnostic Slide,0,gtex_normal,0.060119,,,True,gtex,https://brd.nci.nih.gov/brd/imagedownload/GTEX-15EU6-0426-SM-6PAN5
GTEX-Y5LM-1926-SM-5RQJH,GTEX-Y5LM-1926-SM-5RQJH.svs,,GTEX-Y5LM,GTEX-Y5LM,GTEx,Normal - sun_exposed,Diagnostic Slide,0,gtex_normal,0.061908,,,True,gtex,https://brd.nci.nih.gov/brd/imagedownload/GTEX-Y5LM-1926-SM-5RQJH
GTEX-13D11-2426-SM-5KM1V,GTEX-13D11-2426-SM-5KM1V.svs,,GTEX-13D11,GTEX-13D11,GTEx,Normal - sun_exposed,Diagnostic Slide,0,gtex_normal,0.063433,,,True,gtex,https://brd.nci.nih.gov/brd/imagedownload/GTEX-13D11-2426-SM-5KM1V
GTEX-16NGA-1726-SM-731B4,GTEX-16NGA-1726-SM-731B4.svs,,GTEX-16NGA,GTEX-16NGA,GTEx,Normal - sun_exposed,Diagnostic Slide,0,gtex_normal,0.065877,,,True,gtex,https://brd.nci.nih.gov/brd/imagedownload/GTEX-16NGA-1726-SM-731B4
GTEX-1CB4J-0626-SM-7DHMP,GTEX-1CB4J-0626-SM-7DHMP.svs,,GTEX-1CB4J,GTEX-1CB4J,GTEx,Normal - sun_exposed,Diagnostic Slide,0,gtex_normal,0.06829,,,True,gtex,https://brd.nci.nih.gov/brd/imagedownload/GTEX-1CB4J-0626-SM-7DHMP
GTEX-1ICLY-0126-SM-D4P36,GTEX-1ICLY-0126-SM-D4P36.svs,,GTEX-1ICLY,GTEX-1ICLY,GTEx,Normal - sun_exposed,Diagnostic Slide,0,gtex_normal,0.070455,,,True,gtex,https://brd.nci.nih.gov/brd/imagedownload/GTEX-1ICLY-0126-SM-D4P36
GTEX-SIU8-0126-SM-2XCDT,GTEX-SIU8-0126-SM-2XCDT.svs,,GTEX-SIU8,GTEX-SIU8,GTEx,Normal - sun_exposed,Diagnostic Slide,0,gtex_normal,0.071578,,,True,gtex,https://brd.nci.nih.gov/brd/imagedownload/GTEX-SIU8-0126-SM-2XCDT
GTEX-1HBPH-0426-SM-B2LW5,GTEX-1HBPH-0426-SM-B2LW5.svs,,GTEX-1HBPH,GTEX-1HBPH,GTEx,Normal - sun_exposed,Diagnostic Slide,0,gtex_normal,0.073436,,,True,gtex,https://brd.nci.nih.gov/brd/imagedownload/GTEX-1HBPH-0426-SM-B2LW5
GTEX-1HCVE-0126-SM-CGQEU,GTEX-1HCVE-0126-SM-CGQEU.svs,,GTEX-1HCVE,GTEX-1HCVE,GTEx,Normal - sun_exposed,Diagnostic Slide,0,gtex_normal,0.074592,,,True,gtex,https://brd.nci.nih.gov/brd/imagedownload/GTEX-1HCVE-0126-SM-CGQEU
GTEX-OXRN-0126-SM-48TDM,GTEX-OXRN-0126-SM-48TDM.svs,,GTEX-OXRN,GTEX-OXRN,GTEx,Normal - sun_exposed,Diagnostic Slide,0,gtex_normal,0.077397,,,True,gtex,https://brd.nci.nih.gov/brd/imagedownload/GTEX-OXRN-0126-SM-48TDM
GTEX-13112-2826-SM-5DUWH,GTEX-13112-2826-SM-5DUWH.svs,,GTEX-13112,GTEX-13112,GTEx,Normal - sun_exposed,Diagnostic Slide,0,gtex_normal,0.079611,,,True,gtex,https://brd.nci.nih.gov/brd/imagedownload/GTEX-13112-2826-SM-5DUWH
GTEX-ZDYS-2026-SM-5HL5L,GTEX-ZDYS-2026-SM-5HL5L.svs,,GTEX-ZDYS,GTEX-ZDYS,GTEx,Normal - sun_exposed,Diagnostic Slide,0,gtex_normal,0.080282,,,True,gtex,https://brd.nci.nih.gov/brd/imagedownload/GTEX-ZDYS-2026-SM-5HL5L
GTEX-1CB4I-0226-SM-79OLH,GTEX-1CB4I-0226-SM-79OLH.svs,,GTEX-1CB4I,GTEX-1CB4I,GTEx,Normal - sun_exposed,Diagnostic Slide,0,gtex_normal,0.082635,,,True,gtex,https://brd.nci.nih.gov/brd/imagedownload/GTEX-1CB4I-0226-SM-79OLH
GTEX-W5WG-1826-SM-4KL2Y,GTEX-W5WG-1826-SM-4KL2Y.svs,,GTEX-W5WG,GTEX-W5WG,GTEx,Normal - sun_exposed,Diagnostic Slide,0,gtex_normal,0.085357,,,True,gtex,https://brd.nci.nih.gov/brd/imagedownload/GTEX-W5WG-1826-SM-4KL2Y
GTEX-1GN1U-0126-SM-7PBZK,GTEX-1GN1U-0126-SM-7PBZK.svs,,GTEX-1GN1U,GTEX-1GN1U,GTEx,Normal - sun_exposed,Diagnostic Slide,0,gtex_normal,0.088777,,,True,gtex,https://brd.nci.nih.gov/brd/imagedownload/GTEX-1GN1U-0126-SM-7PBZK
GTEX-13SLW-0126-SM-5SI6C,GTEX-13SLW-0126-SM-5SI6C.svs,,GTEX-13SLW,GTEX-13SLW,GTEx,Normal - sun_exposed,Diagnostic Slide,0,gtex_normal,0.0925,,,True,gtex,https://brd.nci.nih.gov/brd/imagedownload/GTEX-13SLW-0126-SM-5SI6C
GTEX-13NYB-2526-SM-5K7Z6,GTEX-13NYB-2526-SM-5K7Z6.svs,,GTEX-13NYB,GTEX-13NYB,GTEx,Normal - sun_exposed,Diagnostic Slide,0,gtex_normal,0.094224,,,True,gtex,https://brd.nci.nih.gov/brd/imagedownload/GTEX-13NYB-2526-SM-5K7Z6
GTEX-15DDE-0126-SM-6LPKH,GTEX-15DDE-0126-SM-6LPKH.svs,,GTEX-15DDE,GTEX-15DDE,GTEx,Normal - sun_exposed,Diagnostic Slide,0,gtex_normal,0.095576,,,True,gtex,https://brd.nci.nih.gov/brd/imagedownload/GTEX-15DDE-0126-SM-6LPKH
GTEX-1A3MX-0126-SM-731BR,GTEX-1A3MX-0126-SM-731BR.svs,,GTEX-1A3MX,GTEX-1A3MX,GTEx,Normal - sun_exposed,Diagnostic Slide,0,gtex_normal,0.097493,,,True,gtex,https://brd.nci.nih.gov/brd/imagedownload/GTEX-1A3MX-0126-SM-731BR
GTEX-O5YU-0126-SM-G9EQW,GTEX-O5YU-0126-SM-G9EQW.svs,,GTEX-O5YU,GTEX-O5YU,GTEx,Normal - sun_exposed,Diagnostic Slide,0,gtex_normal,0.10009,,,True,gtex,https://brd.nci.nih.gov/brd/imagedownload/GTEX-O5YU-0126-SM-G9EQW
GTEX-1F75A-0126-SM-7RHGM,GTEX-1F75A-0126-SM-7RHGM.svs,,GTEX-1F75A,GTEX-1F75A,GTEx,Normal - sun_exposed,Diagnostic Slide,0,gtex_normal,0.105135,,,True,gtex,https://brd.nci.nih.gov/brd/imagedownload/GTEX-1F75A-0126-SM-7RHGM
GTEX-VUSG-2526-SM-4KL1V,GTEX-VUSG-2526-SM-4KL1V.svs,,GTEX-VUSG,GTEX-VUSG,GTEx,Normal - sun_exposed,Diagnostic Slide,0,gtex_normal,0.107508,,,True,gtex,https://brd.nci.nih.gov/brd/imagedownload/GTEX-VUSG-2526-SM-4KL1V
GTEX-11TT1-2526-SM-5EGIB,GTEX-11TT1-2526-SM-5EGIB.svs,,GTEX-11TT1,GTEX-11TT1,GTEx,Normal - sun_exposed,Diagnostic Slide,0,gtex_normal,0.10996,,,True,gtex,https://brd.nci.nih.gov/brd/imagedownload/GTEX-11TT1-2526-SM-5EGIB
GTEX-1A8FM-0226-SM-7SB7Q,GTEX-1A8FM-0226-SM-7SB7Q.svs,,GTEX-1A8FM,GTEX-1A8FM,GTEx,Normal - sun_exposed,Diagnostic Slide,0,gtex_normal,0.113743,,,True,gtex,https://brd.nci.nih.gov/brd/imagedownload/GTEX-1A8FM-0226-SM-7SB7Q
GTEX-1H23P-0126-SM-ADEJ3,GTEX-1H23P-0126-SM-ADEJ3.svs,,GTEX-1H23P,GTEX-1H23P,GTEx,Normal - sun_exposed,Diagnostic Slide,0,gtex_normal,0.119364,,,True,gtex,https://brd.nci.nih.gov/brd/imagedownload/GTEX-1H23P-0126-SM-ADEJ3
GTEX-POMQ-2226-SM-2I5FK,GTEX-POMQ-2226-SM-2I5FK.svs,,GTEX-POMQ,GTEX-POMQ,GTEx,Normal - sun_exposed,Diagnostic Slide,0,gtex_normal,0.121242,,,True,gtex,https://brd.nci.nih.gov/brd/imagedownload/GTEX-POMQ-2226-SM-2I5FK
GTEX-WOFL-0126-SM-3MJG2,GTEX-WOFL-0126-SM-3MJG2.svs,,GTEX-WOFL,GTEX-WOFL,GTEx,Normal - sun_exposed,Diagnostic Slide,0,gtex_normal,0.124421,,,True,gtex,https://brd.nci.nih.gov/brd/imagedownload/GTEX-WOFL-0126-SM-3MJG2
GTEX-1H11D-0226-SM-9WG6Z,GTEX-1H11D-0226-SM-9WG6Z.svs,,GTEX-1H11D,GTEX-1H11D,GTEx,Normal - sun_exposed,Diagnostic Slide,0,gtex_normal,0.127029,,,True,gtex,https://brd.nci.nih.gov/brd/imagedownload/GTEX-1H11D-0226-SM-9WG6Z
GTEX-ZZPU-2526-SM-GOQZ3,GTEX-ZZPU-2526-SM-GOQZ3.svs,,GTEX-ZZPU,GTEX-ZZPU,GTEx,Normal - sun_exposed,Diagnostic Slide,0,gtex_normal,0.13003,,,True,gtex,https://brd.nci.nih.gov/brd/imagedownload/GTEX-ZZPU-2526-SM-GOQZ3
GTEX-113IC-0126-SM-5HL6T,GTEX-113IC-0126-SM-5HL6T.svs,,GTEX-113IC,GTEX-113IC,GTEx,Normal - sun_exposed,Diagnostic Slide,0,gtex_normal,0.133962,,,True,gtex,https://brd.nci.nih.gov/brd/imagedownload/GTEX-113IC-0126-SM-5HL6T
GTEX-17F96-1626-SM-7DUFL,GTEX-17F96-1626-SM-7DUFL.svs,,GTEX-17F96,GTEX-17F96,GTEx,Normal - sun_exposed,Diagnostic Slide,0,gtex_normal,0.136543,,,True,gtex,https://brd.nci.nih.gov/brd/imagedownload/GTEX-17F96-1626-SM-7DUFL
GTEX-ZF29-2326-SM-DO92K,GTEX-ZF29-2326-SM-DO92K.svs,,GTEX-ZF29,GTEX-ZF29,GTEx,Normal - sun_exposed,Diagnostic Slide,0,gtex_normal,0.139664,,,True,gtex,https://brd.nci.nih.gov/brd/imagedownload/GTEX-ZF29-2326-SM-DO92K
GTEX-111CU-1926-SM-5GZYZ,GTEX-111CU-1926-SM-5GZYZ.svs,,GTEX-111CU,GTEX-111CU,GTEx,Normal - sun_exposed,Diagnostic Slide,0,gtex_normal,0.144293,,,True,gtex,https://brd.nci.nih.gov/brd/imagedownload/GTEX-111CU-1926-SM-5GZYZ
GTEX-13NZ8-0826-SM-5MR3I,GTEX-13NZ8-0826-SM-5MR3I.svs,,GTEX-13NZ8,GTEX-13NZ8,GTEx,Normal - sun_exposed,Diagnostic Slide,0,gtex_normal,0.146901,,,True,gtex,https://brd.nci.nih.gov/brd/imagedownload/GTEX-13NZ8-0826-SM-5MR3I
GTEX-11ZTT-2426-SM-5EQLS,GTEX-11ZTT-2426-SM-5EQLS.svs,,GTEX-11ZTT,GTEX-11ZTT,GTEx,Normal - sun_exposed,Diagnostic Slide,0,gtex_normal,0.152613,,,True,gtex,https://brd.nci.nih.gov/brd/imagedownload/GTEX-11ZTT-2426-SM-5EQLS
GTEX-14E7W-0126-SM-6LLJ9,GTEX-14E7W-0126-SM-6LLJ9.svs,,GTEX-14E7W,GTEX-14E7W,GTEx,Normal - sun_exposed,Diagnostic Slide,0,gtex_normal,0.156015,,,True,gtex,https://brd.nci.nih.gov/brd/imagedownload/GTEX-14E7W-0126-SM-6LLJ9
GTEX-1GPI7-0126-SM-9MQL8,GTEX-1GPI7-0126-SM-9MQL8.svs,,GTEX-1GPI7,GTEX-1GPI7,GTEx,Normal - sun_exposed,Diagnostic Slide,0,gtex_normal,0.159875,,,True,gtex,https://brd.nci.nih.gov/brd/imagedownload/GTEX-1GPI7-0126-SM-9MQL8
GTEX-16AAH-1726-SM-7939C,GTEX-16AAH-1726-SM-7939C.svs,,GTEX-16AAH,GTEX-16AAH,GTEx,Normal - sun_exposed,Diagnostic Slide,0,gtex_normal,0.162845,,,True,gtex,https://brd.nci.nih.gov/brd/imagedownload/GTEX-16AAH-1726-SM-7939C
GTEX-178AV-2026-SM-GNTCD,GTEX-178AV-2026-SM-GNTCD.svs,,GTEX-178AV,GTEX-178AV,GTEx,Normal - sun_exposed,Diagnostic Slide,0,gtex_normal,0.168548,,,True,gtex,https://brd.nci.nih.gov/brd/imagedownload/GTEX-178AV-2026-SM-GNTCD
GTEX-Y8DK-0126-SM-4TT3L,GTEX-Y8DK-0126-SM-4TT3L.svs,,GTEX-Y8DK,GTEX-Y8DK,GTEx,Normal - sun_exposed,Diagnostic Slide,0,gtex_normal,0.172348,,,True,gtex,https://brd.nci.nih.gov/brd/imagedownload/GTEX-Y8DK-0126-SM-4TT3L
GTEX-1O9I2-0126-SM-F64A5,GTEX-1O9I2-0126-SM-F64A5.svs,,GTEX-1O9I2,GTEX-1O9I2,GTEx,Normal - sun_exposed,Diagnostic Slide,0,gtex_normal,0.175352,,,True,gtex,https://brd.nci.nih.gov/brd/imagedownload/GTEX-1O9I2-0126-SM-F64A5
GTEX-WZTO-0126-SM-3NM95,GTEX-WZTO-0126-SM-3NM95.svs,,GTEX-WZTO,GTEX-WZTO,GTEx,Normal - sun_exposed,Diagnostic Slide,0,gtex_normal,0.181222,,,True,gtex,https://brd.nci.nih.gov/brd/imagedownload/GTEX-WZTO-0126-SM-3NM95
GTEX-1128S-2326-SM-5GZZY,GTEX-1128S-2326-SM-5GZZY.svs,,GTEX-1128S,GTEX-1128S,GTEx,Normal - sun_exposed,Diagnostic Slide,0,gtex_normal,0.189072,,,True,gtex,https://brd.nci.nih.gov/brd/imagedownload/GTEX-1128S-2326-SM-5GZZY
GTEX-14JFF-0126-SM-G8W76,GTEX-14JFF-0126-SM-G8W76.svs,,GTEX-14JFF,GTEX-14JFF,GTEx,Normal - sun_exposed,Diagnostic Slide,0,gtex_normal,0.196648,,,True,gtex,https://brd.nci.nih.gov/brd/imagedownload/GTEX-14JFF-0126-SM-G8W76
GTEX-1F75W-0126-SM-9KNVT,GTEX-1F75W-0126-SM-9KNVT.svs,,GTEX-1F75W,GTEX-1F75W,GTEx,Normal - sun_exposed,Diagnostic Slide,0,gtex_normal,0.205987,,,True,gtex,https://brd.nci.nih.gov/brd/imagedownload/GTEX-1F75W-0126-SM-9KNVT
GTEX-QV44-1926-SM-2S1RF,GTEX-QV44-1926-SM-2S1RF.svs,,GTEX-QV44,GTEX-QV44,GTEx,Normal - sun_exposed,Diagnostic Slide,0,gtex_normal,0.215515,,,True,gtex,https://brd.nci.nih.gov/brd/imagedownload/GTEX-QV44-1926-SM-2S1RF
GTEX-11TTK-0126-SM-5987B,GTEX-11TTK-0126-SM-5987B.svs,,GTEX-11TTK,GTEX-11TTK,GTEx,Normal - sun_exposed,Diagnostic Slide,0,gtex_normal,0.22124,,,True,gtex,https://brd.nci.nih.gov/brd/imagedownload/GTEX-11TTK-0126-SM-5987B
GTEX-12WSC-0126-SM-5EQ4P,GTEX-12WSC-0126-SM-5EQ4P.svs,,GTEX-12WSC,GTEX-12WSC,GTEx,Normal - sun_exposed,Diagnostic Slide,0,gtex_normal,0.228277,,,True,gtex,https://brd.nci.nih.gov/brd/imagedownload/GTEX-12WSC-0126-SM-5EQ4P
GTEX-12WSN-5019-SM-79OM6,GTEX-12WSN-5019-SM-79OM6.svs,,GTEX-12WSN,GTEX-12WSN,GTEx,Normal - sun_exposed,Diagnostic Slide,0,gtex_normal,0.231623,,,True,gtex,https://brd.nci.nih.gov/brd/imagedownload/GTEX-12WSN-5019-SM-79OM6
GTEX-OIZG-0726-SM-33HBL,GTEX-OIZG-0726-SM-33HBL.svs,,GTEX-OIZG,GTEX-OIZG,GTEx,Normal - sun_exposed,Diagnostic Slide,0,gtex_normal,0.256656,,,True,gtex,https://brd.nci.nih.gov/brd/imagedownload/GTEX-OIZG-0726-SM-33HBL
GTEX-ZPIC-1726-SM-G8OM6,GTEX-ZPIC-1726-SM-G8OM6.svs,,GTEX-ZPIC,GTEX-ZPIC,GTEx,Normal - sun_exposed,Diagnostic Slide,0,gtex_normal,0.264996,,,True,gtex,https://brd.nci.nih.gov/brd/imagedownload/GTEX-ZPIC-1726-SM-G8OM6
GTEX-1MA7X-2226-SM-E6CIY,GTEX-1MA7X-2226-SM-E6CIY.svs,,GTEX-1MA7X,GTEX-1MA7X,GTEx,Normal - sun_exposed,Diagnostic Slide,0,gtex_normal,0.2723,,,True,gtex,https://brd.nci.nih.gov/brd/imagedownload/GTEX-1MA7X-2226-SM-E6CIY
GTEX-ZVT4-0126-SM-DTXFN,GTEX-ZVT4-0126-SM-DTXFN.svs,,GTEX-ZVT4,GTEX-ZVT4,GTEx,Normal - sun_exposed,Diagnostic Slide,0,gtex_normal,0.284224,,,True,gtex,https://brd.nci.nih.gov/brd/imagedownload/GTEX-ZVT4-0126-SM-DTXFN
GTEX-ZVT3-0126-SM-5GU6I,GTEX-ZVT3-0126-SM-5GU6I.svs,,GTEX-ZVT3,GTEX-ZVT3,GTEx,Normal - sun_exposed,Diagnostic Slide,0,gtex_normal,0.302474,,,True,gtex,https://brd.nci.nih.gov/brd/imagedownload/GTEX-ZVT3-0126-SM-5GU6I
GTEX-1JJE9-0326-SM-CL53Z,GTEX-1JJE9-0326-SM-CL53Z.svs,,GTEX-1JJE9,GTEX-1JJE9,GTEx,Normal - sun_exposed,Diagnostic Slide,0,gtex_normal,0.323483,,,True,gtex,https://brd.nci.nih.gov/brd/imagedownload/GTEX-1JJE9-0326-SM-CL53Z
GTEX-1B8SG-0126-SM-73KZ3,GTEX-1B8SG-0126-SM-73KZ3.svs,,GTEX-1B8SG,GTEX-1B8SG,GTEx,Normal - sun_exposed,Diagnostic Slide,0,gtex_normal,0.360383,,,True,gtex,https://brd.nci.nih.gov/brd/imagedownload/GTEX-1B8SG-0126-SM-73KZ3
GTEX-1F6RS-0126-SM-9MQKZ,GTEX-1F6RS-0126-SM-9MQKZ.svs,,GTEX-1F6RS,GTEX-1F6RS,GTEx,Normal - sun_exposed,Diagnostic Slide,0,gtex_normal,0.391499,,,True,gtex,https://brd.nci.nih.gov/brd/imagedownload/GTEX-1F6RS-0126-SM-9MQKZ
GTEX-146FQ-0126-SM-5NQA9,GTEX-146FQ-0126-SM-5NQA9.svs,,GTEX-146FQ,GTEX-146FQ,GTEx,Normal - sun_exposed,Diagnostic Slide,0,gtex_normal,0.418916,,,True,gtex,https://brd.nci.nih.gov/brd/imagedownload/GTEX-146FQ-0126-SM-5NQA9
GTEX-1399R-2726-SM-5IJBA,GTEX-1399R-2726-SM-5IJBA.svs,,GTEX-1399R,GTEX-1399R,GTEx,Normal - sun_exposed,Diagnostic Slide,0,gtex_normal,0.465035,,,True,gtex,https://brd.nci.nih.gov/brd/imagedownload/GTEX-1399R-2726-SM-5IJBA
GTEX-17HHY-0126-SM-7LG5D,GTEX-17HHY-0126-SM-7LG5D.svs,,GTEX-17HHY,GTEX-17HHY,GTEx,Normal - sun_exposed,Diagnostic Slide,0,gtex_normal,0.510731,,,True,gtex,https://brd.nci.nih.gov/brd/imagedownload/GTEX-17HHY-0126-SM-7LG5D
GTEX-1R9K4-0126-SM-DTX9X,GTEX-1R9K4-0126-SM-DTX9X.svs,,GTEX-1R9K4,GTEX-1R9K4,GTEx,Normal - sun_exposed,Diagnostic Slide,0,gtex_normal,0.563052,,,True,gtex,https://brd.nci.nih.gov/brd/imagedownload/GTEX-1R9K4-0126-SM-DTX9X
GTEX-1C64N-0126-SM-793D7,GTEX-1C64N-0126-SM-793D7.svs,,GTEX-1C64N,GTEX-1C64N,GTEx,Normal - sun_exposed,Diagnostic Slide,0,gtex_normal,0.673463,,,True,gtex,https://brd.nci.nih.gov/brd/imagedownload/GTEX-1C64N-0126-SM-793D7
GTEX-1GN2E-0426-SM-9MQKX,GTEX-1GN2E-0426-SM-9MQKX.svs,,GTEX-1GN2E,GTEX-1GN2E,GTEx,Normal - sun_exposed,Diagnostic Slide,0,gtex_normal,0.817568,,,True,gtex,https://brd.nci.nih.gov/brd/imagedownload/GTEX-1GN2E-0426-SM-9MQKX
GTEX-1J8JJ-0226-SM-CL53I,GTEX-1J8JJ-0226-SM-CL53I.svs,,GTEX-1J8JJ,GTEX-1J8JJ,GTEx,Normal - sun_exposed,Diagnostic Slide,0,gtex_normal,0.91429,,,True,gtex,https://brd.nci.nih.gov/brd/imagedownload/GTEX-1J8JJ-0226-SM-CL53I
GTEX-13OVJ-0126-SM-5KM36,GTEX-13OVJ-0126-SM-5KM36.svs,,GTEX-13OVJ,GTEX-13OVJ,GTEx,Normal - sun_exposed,Diagnostic Slide,0,gtex_normal,1.56796,,,True,gtex,https://brd.nci.nih.gov/brd/imagedownload/GTEX-13OVJ-0126-SM-5KM36
GTEX-1C6VS-0526-SM-7DUEN,GTEX-1C6VS-0526-SM-7DUEN.svs,,GTEX-1C6VS,GTEX-1C6VS,GTEx,Normal - sun_exposed,Diagnostic Slide,0,gtex_normal,12.1533,,,True,gtex,https://brd.nci.nih.gov/brd/imagedownload/GTEX-1C6VS-0526-SM-7DUEN
GTEX-11NSD-0626-SM-5A5LU,GTEX-11NSD-0626-SM-5A5LU.svs,,GTEX-11NSD,GTEX-11NSD,GTEx,Normal - not_sun_exposed,Diagnostic Slide,0,gtex_normal,0.0,,,True,gtex,https://brd.nci.nih.gov/brd/imagedownload/GTEX-11NSD-0626-SM-5A5LU
GTEX-1F88E-1626-SM-7SB8Z,GTEX-1F88E-1626-SM-7SB8Z.svs,,GTEX-1F88E,GTEX-1F88E,GTEx,Normal - not_sun_exposed,Diagnostic Slide,0,gtex_normal,0.0,,,True,gtex,https://brd.nci.nih.gov/brd/imagedownload/GTEX-1F88E-1626-SM-7SB8Z
GTEX-1J8Q3-0526-SM-ARL8U,GTEX-1J8Q3-0526-SM-ARL8U.svs,,GTEX-1J8Q3,GTEX-1J8Q3,GTEx,Normal - not_sun_exposed,Diagnostic Slide,0,gtex_normal,0.0,,,True,gtex,https://brd.nci.nih.gov/brd/imagedownload/GTEX-1J8Q3-0526-SM-ARL8U
GTEX-17MF6-2626-SM-79OKQ,GTEX-17MF6-2626-SM-79OKQ.svs,,GTEX-17MF6,GTEX-17MF6,GTEx,Normal - not_sun_exposed,Diagnostic Slide,0,gtex_normal,0.0,,,True,gtex,https://brd.nci.nih.gov/brd/imagedownload/GTEX-17MF6-2626-SM-79OKQ
GTEX-1PIIG-2326-SM-DTXFR,GTEX-1PIIG-2326-SM-DTXFR.svs,,GTEX-1PIIG,GTEX-1PIIG,GTEx,Normal - not_sun_exposed,Diagnostic Slide,0,gtex_normal,0.0,,,True,gtex,https://brd.nci.nih.gov/brd/imagedownload/GTEX-1PIIG-2326-SM-DTXFR
GTEX-16NGA-0726-SM-731AO,GTEX-16NGA-0726-SM-731AO.svs,,GTEX-16NGA,GTEX-16NGA,GTEx,Normal - not_sun_exposed,Diagnostic Slide,0,gtex_normal,0.0,,,True,gtex,https://brd.nci.nih.gov/brd/imagedownload/GTEX-16NGA-0726-SM-731AO
GTEX-14AS3-1526-SM-5Q5ED,GTEX-14AS3-1526-SM-5Q5ED.svs,,GTEX-14AS3,GTEX-14AS3,GTEx,Normal - not_sun_exposed,Diagnostic Slide,0,gtex_normal,0.0,,,True,gtex,https://brd.nci.nih.gov/brd/imagedownload/GTEX-14AS3-1526-SM-5Q5ED
GTEX-15FZZ-0526-SM-7KUGD,GTEX-15FZZ-0526-SM-7KUGD.svs,,GTEX-15FZZ,GTEX-15FZZ,GTEx,Normal - not_sun_exposed,Diagnostic Slide,0,gtex_normal,0.0,,,True,gtex,https://brd.nci.nih.gov/brd/imagedownload/GTEX-15FZZ-0526-SM-7KUGD
GTEX-14PJ2-0626-SM-6LLII,GTEX-14PJ2-0626-SM-6LLII.svs,,GTEX-14PJ2,GTEX-14PJ2,GTEx,Normal - not_sun_exposed,Diagnostic Slide,0,gtex_normal,0.0,,,True,gtex,https://brd.nci.nih.gov/brd/imagedownload/GTEX-14PJ2-0626-SM-6LLII
GTEX-1H1CY-0126-SM-9YFLY,GTEX-1H1CY-0126-SM-9YFLY.svs,,GTEX-1H1CY,GTEX-1H1CY,GTEx,Normal - not_sun_exposed,Diagnostic Slide,0,gtex_normal,0.008163,,,True,gtex,https://brd.nci.nih.gov/brd/imagedownload/GTEX-1H1CY-0126-SM-9YFLY
GTEX-1IDJH-0126-SM-D3L92,GTEX-1IDJH-0126-SM-D3L92.svs,,GTEX-1IDJH,GTEX-1IDJH,GTEx,Normal - not_sun_exposed,Diagnostic Slide,0,gtex_normal,0.009862,,,True,gtex,https://brd.nci.nih.gov/brd/imagedownload/GTEX-1IDJH-0126-SM-D3L92
GTEX-16YQH-2226-SM-7IGM2,GTEX-16YQH-2226-SM-7IGM2.svs,,GTEX-16YQH,GTEX-16YQH,GTEx,Normal - not_sun_exposed,Diagnostic Slide,0,gtex_normal,0.016204,,,True,gtex,https://brd.nci.nih.gov/brd/imagedownload/GTEX-16YQH-2226-SM-7IGM2
GTEX-1CB4I-0126-SM-7RHGG,GTEX-1CB4I-0126-SM-7RHGG.svs,,GTEX-1CB4I,GTEX-1CB4I,GTEx,Normal - not_sun_exposed,Diagnostic Slide,0,gtex_normal,0.018543,,,True,gtex,https://brd.nci.nih.gov/brd/imagedownload/GTEX-1CB4I-0126-SM-7RHGG
GTEX-1RMOY-1326-SM-E9TIH,GTEX-1RMOY-1326-SM-E9TIH.svs,,GTEX-1RMOY,GTEX-1RMOY,GTEx,Normal - not_sun_exposed,Diagnostic Slide,0,gtex_normal,0.019434,,,True,gtex,https://brd.nci.nih.gov/brd/imagedownload/GTEX-1RMOY-1326-SM-E9TIH
GTEX-1GZ4H-0526-SM-9KNU9,GTEX-1GZ4H-0526-SM-9KNU9.svs,,GTEX-1GZ4H,GTEX-1GZ4H,GTEx,Normal - not_sun_exposed,Diagnostic Slide,0,gtex_normal,0.020872,,,True,gtex,https://brd.nci.nih.gov/brd/imagedownload/GTEX-1GZ4H-0526-SM-9KNU9
GTEX-1R7EU-1626-SM-DTXG3,GTEX-1R7EU-1626-SM-DTXG3.svs,,GTEX-1R7EU,GTEX-1R7EU,GTEx,Normal - not_sun_exposed,Diagnostic Slide,0,gtex_normal,0.02183,,,True,gtex,https://brd.nci.nih.gov/brd/imagedownload/GTEX-1R7EU-1626-SM-DTXG3
GTEX-12WSM-1926-SM-5BC65,GTEX-12WSM-1926-SM-5BC65.svs,,GTEX-12WSM,GTEX-12WSM,GTEx,Normal - not_sun_exposed,Diagnostic Slide,0,gtex_normal,0.023225,,,True,gtex,https://brd.nci.nih.gov/brd/imagedownload/GTEX-12WSM-1926-SM-5BC65
GTEX-1H1E6-0426-SM-9WYUS,GTEX-1H1E6-0426-SM-9WYUS.svs,,GTEX-1H1E6,GTEX-1H1E6,GTEx,Normal - not_sun_exposed,Diagnostic Slide,0,gtex_normal,0.024383,,,True,gtex,https://brd.nci.nih.gov/brd/imagedownload/GTEX-1H1E6-0426-SM-9WYUS
GTEX-145LT-0526-SM-5LUB2,GTEX-145LT-0526-SM-5LUB2.svs,,GTEX-145LT,GTEX-145LT,GTEx,Normal - not_sun_exposed,Diagnostic Slide,0,gtex_normal,0.025852,,,True,gtex,https://brd.nci.nih.gov/brd/imagedownload/GTEX-145LT-0526-SM-5LUB2
GTEX-17HHE-1326-SM-7EWDZ,GTEX-17HHE-1326-SM-7EWDZ.svs,,GTEX-17HHE,GTEX-17HHE,GTEx,Normal - not_sun_exposed,Diagnostic Slide,0,gtex_normal,0.026379,,,True,gtex,https://brd.nci.nih.gov/brd/imagedownload/GTEX-17HHE-1326-SM-7EWDZ
GTEX-1PIGE-1826-SM-E8VOU,GTEX-1PIGE-1826-SM-E8VOU.svs,,GTEX-1PIGE,GTEX-1PIGE,GTEx,Normal - not_sun_exposed,Diagnostic Slide,0,gtex_normal,0.028724,,,True,gtex,https://brd.nci.nih.gov/brd/imagedownload/GTEX-1PIGE-1826-SM-E8VOU
GTEX-XQ3S-1426-SM-4BOPR,GTEX-XQ3S-1426-SM-4BOPR.svs,,GTEX-XQ3S,GTEX-XQ3S,GTEx,Normal - not_sun_exposed,Diagnostic Slide,0,gtex_normal,0.029559,,,True,gtex,https://brd.nci.nih.gov/brd/imagedownload/GTEX-XQ3S-1426-SM-4BOPR
GTEX-11DXX-2126-SM-5PNYR,GTEX-11DXX-2126-SM-5PNYR.svs,,GTEX-11DXX,GTEX-11DXX,GTEx,Normal - not_sun_exposed,Diagnostic Slide,0,gtex_normal,0.031987,,,True,gtex,https://brd.nci.nih.gov/brd/imagedownload/GTEX-11DXX-2126-SM-5PNYR
GTEX-14PJ5-1526-SM-6LLIL,GTEX-14PJ5-1526-SM-6LLIL.svs,,GTEX-14PJ5,GTEX-14PJ5,GTEx,Normal - not_sun_exposed,Diagnostic Slide,0,gtex_normal,0.034744,,,True,gtex,https://brd.nci.nih.gov/brd/imagedownload/GTEX-14PJ5-1526-SM-6LLIL
GTEX-1HCU9-0426-SM-9WYSD,GTEX-1HCU9-0426-SM-9WYSD.svs,,GTEX-1HCU9,GTEX-1HCU9,GTEx,Normal - not_sun_exposed,Diagnostic Slide,0,gtex_normal,0.035517,,,True,gtex,https://brd.nci.nih.gov/brd/imagedownload/GTEX-1HCU9-0426-SM-9WYSD
GTEX-1E2YA-2126-SM-7MXUO,GTEX-1E2YA-2126-SM-7MXUO.svs,,GTEX-1E2YA,GTEX-1E2YA,GTEx,Normal - not_sun_exposed,Diagnostic Slide,0,gtex_normal,0.037172,,,True,gtex,https://brd.nci.nih.gov/brd/imagedownload/GTEX-1E2YA-2126-SM-7MXUO
GTEX-1JMOU-1026-SM-CYPSS,GTEX-1JMOU-1026-SM-CYPSS.svs,,GTEX-1JMOU,GTEX-1JMOU,GTEx,Normal - not_sun_exposed,Diagnostic Slide,0,gtex_normal,0.039896,,,True,gtex,https://brd.nci.nih.gov/brd/imagedownload/GTEX-1JMOU-1026-SM-CYPSS
GTEX-ZYW4-0626-SM-59HJR,GTEX-ZYW4-0626-SM-59HJR.svs,,GTEX-ZYW4,GTEX-ZYW4,GTEx,Normal - not_sun_exposed,Diagnostic Slide,0,gtex_normal,0.041352,,,True,gtex,https://brd.nci.nih.gov/brd/imagedownload/GTEX-ZYW4-0626-SM-59HJR
GTEX-1QCLZ-2426-SM-EVYBW,GTEX-1QCLZ-2426-SM-EVYBW.svs,,GTEX-1QCLZ,GTEX-1QCLZ,GTEx,Normal - not_sun_exposed,Diagnostic Slide,0,gtex_normal,0.042057,,,True,gtex,https://brd.nci.nih.gov/brd/imagedownload/GTEX-1QCLZ-2426-SM-EVYBW
GTEX-1MJK3-0726-SM-E6CJC,GTEX-1MJK3-0726-SM-E6CJC.svs,,GTEX-1MJK3,GTEX-1MJK3,GTEx,Normal - not_sun_exposed,Diagnostic Slide,0,gtex_normal,0.043942,,,True,gtex,https://brd.nci.nih.gov/brd/imagedownload/GTEX-1MJK3-0726-SM-E6CJC
GTEX-14E6E-0526-SM-5PNXE,GTEX-14E6E-0526-SM-5PNXE.svs,,GTEX-14E6E,GTEX-14E6E,GTEx,Normal - not_sun_exposed,Diagnostic Slide,0,gtex_normal,0.044628,,,True,gtex,https://brd.nci.nih.gov/brd/imagedownload/GTEX-14E6E-0526-SM-5PNXE
GTEX-13OVK-1426-SM-6PAN7,GTEX-13OVK-1426-SM-6PAN7.svs,,GTEX-13OVK,GTEX-13OVK,GTEx,Normal - not_sun_exposed,Diagnostic Slide,0,gtex_normal,0.04518,,,True,gtex,https://brd.nci.nih.gov/brd/imagedownload/GTEX-13OVK-1426-SM-6PAN7
GTEX-1HKZK-0726-SM-ACKW2,GTEX-1HKZK-0726-SM-ACKW2.svs,,GTEX-1HKZK,GTEX-1HKZK,GTEx,Normal - not_sun_exposed,Diagnostic Slide,0,gtex_normal,0.04712,,,True,gtex,https://brd.nci.nih.gov/brd/imagedownload/GTEX-1HKZK-0726-SM-ACKW2
GTEX-1CB4E-0926-SM-7EPHT,GTEX-1CB4E-0926-SM-7EPHT.svs,,GTEX-1CB4E,GTEX-1CB4E,GTEx,Normal - not_sun_exposed,Diagnostic Slide,0,gtex_normal,0.049157,,,True,gtex,https://brd.nci.nih.gov/brd/imagedownload/GTEX-1CB4E-0926-SM-7EPHT
GTEX-12BJ1-0926-SM-5EQ62,GTEX-12BJ1-0926-SM-5EQ62.svs,,GTEX-12BJ1,GTEX-12BJ1,GTEx,Normal - not_sun_exposed,Diagnostic Slide,0,gtex_normal,0.050246,,,True,gtex,https://brd.nci.nih.gov/brd/imagedownload/GTEX-12BJ1-0926-SM-5EQ62
GTEX-145MG-1526-SM-5Q5EM,GTEX-145MG-1526-SM-5Q5EM.svs,,GTEX-145MG,GTEX-145MG,GTEx,Normal - not_sun_exposed,Diagnostic Slide,0,gtex_normal,0.052061,,,True,gtex,https://brd.nci.nih.gov/brd/imagedownload/GTEX-145MG-1526-SM-5Q5EM
GTEX-1B996-0426-SM-7EWF8,GTEX-1B996-0426-SM-7EWF8.svs,,GTEX-1B996,GTEX-1B996,GTEx,Normal - not_sun_exposed,Diagnostic Slide,0,gtex_normal,0.054289,,,True,gtex,https://brd.nci.nih.gov/brd/imagedownload/GTEX-1B996-0426-SM-7EWF8
GTEX-1R46S-2426-SM-E76QA,GTEX-1R46S-2426-SM-E76QA.svs,,GTEX-1R46S,GTEX-1R46S,GTEx,Normal - not_sun_exposed,Diagnostic Slide,0,gtex_normal,0.057462,,,True,gtex,https://brd.nci.nih.gov/brd/imagedownload/GTEX-1R46S-2426-SM-E76QA
GTEX-1HSKV-1226-SM-ADEI4,GTEX-1HSKV-1226-SM-ADEI4.svs,,GTEX-1HSKV,GTEX-1HSKV,GTEx,Normal - not_sun_exposed,Diagnostic Slide,0,gtex_normal,0.059042,,,True,gtex,https://brd.nci.nih.gov/brd/imagedownload/GTEX-1HSKV-1226-SM-ADEI4
GTEX-1EKGG-0626-SM-7DUGJ,GTEX-1EKGG-0626-SM-7DUGJ.svs,,GTEX-1EKGG,GTEX-1EKGG,GTEx,Normal - not_sun_exposed,Diagnostic Slide,0,gtex_normal,0.061013,,,True,gtex,https://brd.nci.nih.gov/brd/imagedownload/GTEX-1EKGG-0626-SM-7DUGJ
GTEX-1AYD5-2626-SM-7PBXY,GTEX-1AYD5-2626-SM-7PBXY.svs,,GTEX-1AYD5,GTEX-1AYD5,GTEx,Normal - not_sun_exposed,Diagnostic Slide,0,gtex_normal,0.062183,,,True,gtex,https://brd.nci.nih.gov/brd/imagedownload/GTEX-1AYD5-2626-SM-7PBXY
GTEX-14C38-0726-SM-5SI6M,GTEX-14C38-0726-SM-5SI6M.svs,,GTEX-14C38,GTEX-14C38,GTEx,Normal - not_sun_exposed,Diagnostic Slide,0,gtex_normal,0.064565,,,True,gtex,https://brd.nci.nih.gov/brd/imagedownload/GTEX-14C38-0726-SM-5SI6M
GTEX-12KS4-2126-SM-5FQUT,GTEX-12KS4-2126-SM-5FQUT.svs,,GTEX-12KS4,GTEX-12KS4,GTEx,Normal - not_sun_exposed,Diagnostic Slide,0,gtex_normal,0.067228,,,True,gtex,https://brd.nci.nih.gov/brd/imagedownload/GTEX-12KS4-2126-SM-5FQUT
GTEX-ZF2S-1626-SM-57WES,GTEX-ZF2S-1626-SM-57WES.svs,,GTEX-ZF2S,GTEX-ZF2S,GTEx,Normal - not_sun_exposed,Diagnostic Slide,0,gtex_normal,0.068729,,,True,gtex,https://brd.nci.nih.gov/brd/imagedownload/GTEX-ZF2S-1626-SM-57WES
GTEX-11WQC-1826-SM-5GU59,GTEX-11WQC-1826-SM-5GU59.svs,,GTEX-11WQC,GTEX-11WQC,GTEx,Normal - not_sun_exposed,Diagnostic Slide,0,gtex_normal,0.069911,,,True,gtex,https://brd.nci.nih.gov/brd/imagedownload/GTEX-11WQC-1826-SM-5GU59
GTEX-144GM-0526-SM-5O99Y,GTEX-144GM-0526-SM-5O99Y.svs,,GTEX-144GM,GTEX-144GM,GTEx,Normal - not_sun_exposed,Diagnostic Slide,0,gtex_normal,0.072086,,,True,gtex,https://brd.nci.nih.gov/brd/imagedownload/GTEX-144GM-0526-SM-5O99Y
GTEX-1O9I2-0226-SM-EYYXD,GTEX-1O9I2-0226-SM-EYYXD.svs,,GTEX-1O9I2,GTEX-1O9I2,GTEx,Normal - not_sun_exposed,Diagnostic Slide,0,gtex_normal,0.07445,,,True,gtex,https://brd.nci.nih.gov/brd/imagedownload/GTEX-1O9I2-0226-SM-EYYXD
GTEX-XOT4-0626-SM-4B66L,GTEX-XOT4-0626-SM-4B66L.svs,,GTEX-XOT4,GTEX-XOT4,GTEx,Normal - not_sun_exposed,Diagnostic Slide,0,gtex_normal,0.075466,,,True,gtex,https://brd.nci.nih.gov/brd/imagedownload/GTEX-XOT4-0626-SM-4B66L
GTEX-13OVL-0126-SM-5L3GJ,GTEX-13OVL-0126-SM-5L3GJ.svs,,GTEX-13OVL,GTEX-13OVL,GTEx,Normal - not_sun_exposed,Diagnostic Slide,0,gtex_normal,0.076597,,,True,gtex,https://brd.nci.nih.gov/brd/imagedownload/GTEX-13OVL-0126-SM-5L3GJ
GTEX-18A66-0626-SM-7LT8Z,GTEX-18A66-0626-SM-7LT8Z.svs,,GTEX-18A66,GTEX-18A66,GTEx,Normal - not_sun_exposed,Diagnostic Slide,0,gtex_normal,0.07752,,,True,gtex,https://brd.nci.nih.gov/brd/imagedownload/GTEX-18A66-0626-SM-7LT8Z
GTEX-1GPI6-1926-SM-9KNV7,GTEX-1GPI6-1926-SM-9KNV7.svs,,GTEX-1GPI6,GTEX-1GPI6,GTEx,Normal - not_sun_exposed,Diagnostic Slide,0,gtex_normal,0.079284,,,True,gtex,https://brd.nci.nih.gov/brd/imagedownload/GTEX-1GPI6-1926-SM-9KNV7
GTEX-1GTWX-2026-SM-9YFLM,GTEX-1GTWX-2026-SM-9YFLM.svs,,GTEX-1GTWX,GTEX-1GTWX,GTEx,Normal - not_sun_exposed,Diagnostic Slide,0,gtex_normal,0.083379,,,True,gtex,https://brd.nci.nih.gov/brd/imagedownload/GTEX-1GTWX-2026-SM-9YFLM
GTEX-1JMQK-1226-SM-D4P2S,GTEX-1JMQK-1226-SM-D4P2S.svs,,GTEX-1JMQK,GTEX-1JMQK,GTEx,Normal - not_sun_exposed,Diagnostic Slide,0,gtex_normal,0.084385,,,True,gtex,https://brd.nci.nih.gov/brd/imagedownload/GTEX-1JMQK-1226-SM-D4P2S
GTEX-11VI4-1126-SM-5EQMD,GTEX-11VI4-1126-SM-5EQMD.svs,,GTEX-11VI4,GTEX-11VI4,GTEx,Normal - not_sun_exposed,Diagnostic Slide,0,gtex_normal,0.088394,,,True,gtex,https://brd.nci.nih.gov/brd/imagedownload/GTEX-11VI4-1126-SM-5EQMD
GTEX-145LS-0626-SM-7EPG7,GTEX-145LS-0626-SM-7EPG7.svs,,GTEX-145LS,GTEX-145LS,GTEx,Normal - not_sun_exposed,Diagnostic Slide,0,gtex_normal,0.089863,,,True,gtex,https://brd.nci.nih.gov/brd/imagedownload/GTEX-145LS-0626-SM-7EPG7
GTEX-1N2EE-0626-SM-E76PW,GTEX-1N2EE-0626-SM-E76PW.svs,,GTEX-1N2EE,GTEX-1N2EE,GTEx,Normal - not_sun_exposed,Diagnostic Slide,0,gtex_normal,0.09161,,,True,gtex,https://brd.nci.nih.gov/brd/imagedownload/GTEX-1N2EE-0626-SM-E76PW
GTEX-12ZZZ-0726-SM-5GCNZ,GTEX-12ZZZ-0726-SM-5GCNZ.svs,,GTEX-12ZZZ,GTEX-12ZZZ,GTEx,Normal - not_sun_exposed,Diagnostic Slide,0,gtex_normal,0.093215,,,True,gtex,https://brd.nci.nih.gov/brd/imagedownload/GTEX-12ZZZ-0726-SM-5GCNZ
GTEX-147JS-0226-SM-5S2U9,GTEX-147JS-0226-SM-5S2U9.svs,,GTEX-147JS,GTEX-147JS,GTEx,Normal - not_sun_exposed,Diagnostic Slide,0,gtex_normal,0.095588,,,True,gtex,https://brd.nci.nih.gov/brd/imagedownload/GTEX-147JS-0226-SM-5S2U9
GTEX-13X6H-0926-SM-5MR83,GTEX-13X6H-0926-SM-5MR83.svs,,GTEX-13X6H,GTEX-13X6H,GTEx,Normal - not_sun_exposed,Diagnostic Slide,0,gtex_normal,0.098632,,,True,gtex,https://brd.nci.nih.gov/brd/imagedownload/GTEX-13X6H-0926-SM-5MR83
GTEX-ZTX8-1326-SM-4YCEL,GTEX-ZTX8-1326-SM-4YCEL.svs,,GTEX-ZTX8,GTEX-ZTX8,GTEx,Normal - not_sun_exposed,Diagnostic Slide,0,gtex_normal,0.102095,,,True,gtex,https://brd.nci.nih.gov/brd/imagedownload/GTEX-ZTX8-1326-SM-4YCEL
GTEX-1HFI6-0126-SM-CNPPI,GTEX-1HFI6-0126-SM-CNPPI.svs,,GTEX-1HFI6,GTEX-1HFI6,GTEx,Normal - not_sun_exposed,Diagnostic Slide,0,gtex_normal,0.103899,,,True,gtex,https://brd.nci.nih.gov/brd/imagedownload/GTEX-1HFI6-0126-SM-CNPPI
GTEX-1QEPI-2626-SM-DTXF4,GTEX-1QEPI-2626-SM-DTXF4.svs,,GTEX-1QEPI,GTEX-1QEPI,GTEx,Normal - not_sun_exposed,Diagnostic Slide,0,gtex_normal,0.108722,,,True,gtex,https://brd.nci.nih.gov/brd/imagedownload/GTEX-1QEPI-2626-SM-DTXF4
GTEX-1C64N-2626-SM-7PC2N,GTEX-1C64N-2626-SM-7PC2N.svs,,GTEX-1C64N,GTEX-1C64N,GTEx,Normal - not_sun_exposed,Diagnostic Slide,0,gtex_normal,0.11253,,,True,gtex,https://brd.nci.nih.gov/brd/imagedownload/GTEX-1C64N-2626-SM-7PC2N
GTEX-16MTA-0926-SM-6M47Z,GTEX-16MTA-0926-SM-6M47Z.svs,,GTEX-16MTA,GTEX-16MTA,GTEx,Normal - not_sun_exposed,Diagnostic Slide,0,gtex_normal,0.116164,,,True,gtex,https://brd.nci.nih.gov/brd/imagedownload/GTEX-16MTA-0926-SM-6M47Z
GTEX-1313W-0626-SM-5EQ4H,GTEX-1313W-0626-SM-5EQ4H.svs,,GTEX-1313W,GTEX-1313W,GTEx,Normal - not_sun_exposed,Diagnostic Slide,0,gtex_normal,0.118555,,,True,gtex,https://brd.nci.nih.gov/brd/imagedownload/GTEX-1313W-0626-SM-5EQ4H
GTEX-14LLW-2626-SM-62LDZ,GTEX-14LLW-2626-SM-62LDZ.svs,,GTEX-14LLW,GTEX-14LLW,GTEx,Normal - not_sun_exposed,Diagnostic Slide,0,gtex_normal,0.120206,,,True,gtex,https://brd.nci.nih.gov/brd/imagedownload/GTEX-14LLW-2626-SM-62LDZ
GTEX-1KXAM-1626-SM-D3LAD,GTEX-1KXAM-1626-SM-D3LAD.svs,,GTEX-1KXAM,GTEX-1KXAM,GTEx,Normal - not_sun_exposed,Diagnostic Slide,0,gtex_normal,0.124631,,,True,gtex,https://brd.nci.nih.gov/brd/imagedownload/GTEX-1KXAM-1626-SM-D3LAD
GTEX-12WSA-0426-SM-5EQ5X,GTEX-12WSA-0426-SM-5EQ5X.svs,,GTEX-12WSA,GTEX-12WSA,GTEx,Normal - not_sun_exposed,Diagnostic Slide,0,gtex_normal,0.125992,,,True,gtex,https://brd.nci.nih.gov/brd/imagedownload/GTEX-12WSA-0426-SM-5EQ5X
GTEX-ZVTK-0226-SM-51MRG,GTEX-ZVTK-0226-SM-51MRG.svs,,GTEX-ZVTK,GTEX-ZVTK,GTEx,Normal - not_sun_exposed,Diagnostic Slide,0,gtex_normal,0.126607,,,True,gtex,https://brd.nci.nih.gov/brd/imagedownload/GTEX-ZVTK-0226-SM-51MRG
GTEX-1H23P-0626-SM-9WG6T,GTEX-1H23P-0626-SM-9WG6T.svs,,GTEX-1H23P,GTEX-1H23P,GTEx,Normal - not_sun_exposed,Diagnostic Slide,0,gtex_normal,0.133948,,,True,gtex,https://brd.nci.nih.gov/brd/imagedownload/GTEX-1H23P-0626-SM-9WG6T
GTEX-ZAB4-2126-SM-5HL8U,GTEX-ZAB4-2126-SM-5HL8U.svs,,GTEX-ZAB4,GTEX-ZAB4,GTEx,Normal - not_sun_exposed,Diagnostic Slide,0,gtex_normal,0.135772,,,True,gtex,https://brd.nci.nih.gov/brd/imagedownload/GTEX-ZAB4-2126-SM-5HL8U
GTEX-1GF9V-0826-SM-9KNUV,GTEX-1GF9V-0826-SM-9KNUV.svs,,GTEX-1GF9V,GTEX-1GF9V,GTEx,Normal - not_sun_exposed,Diagnostic Slide,0,gtex_normal,0.139596,,,True,gtex,https://brd.nci.nih.gov/brd/imagedownload/GTEX-1GF9V-0826-SM-9KNUV
GTEX-ZF3C-0626-SM-DO92O,GTEX-ZF3C-0626-SM-DO92O.svs,,GTEX-ZF3C,GTEX-ZF3C,GTEx,Normal - not_sun_exposed,Diagnostic Slide,0,gtex_normal,0.142373,,,True,gtex,https://brd.nci.nih.gov/brd/imagedownload/GTEX-ZF3C-0626-SM-DO92O
GTEX-1F88F-0126-SM-9WYSZ,GTEX-1F88F-0126-SM-9WYSZ.svs,,GTEX-1F88F,GTEX-1F88F,GTEx,Normal - not_sun_exposed,Diagnostic Slide,0,gtex_normal,0.148514,,,True,gtex,https://brd.nci.nih.gov/brd/imagedownload/GTEX-1F88F-0126-SM-9WYSZ
GTEX-14PJ6-2626-SM-6EU2T,GTEX-14PJ6-2626-SM-6EU2T.svs,,GTEX-14PJ6,GTEX-14PJ6,GTEx,Normal - not_sun_exposed,Diagnostic Slide,0,gtex_normal,0.153905,,,True,gtex,https://brd.nci.nih.gov/brd/imagedownload/GTEX-14PJ6-2626-SM-6EU2T
GTEX-1JK1U-0226-SM-ARZMX,GTEX-1JK1U-0226-SM-ARZMX.svs,,GTEX-1JK1U,GTEX-1JK1U,GTEx,Normal - not_sun_exposed,Diagnostic Slide,0,gtex_normal,0.158994,,,True,gtex,https://brd.nci.nih.gov/brd/imagedownload/GTEX-1JK1U-0226-SM-ARZMX
GTEX-1CB4H-1126-SM-7MKGL,GTEX-1CB4H-1126-SM-7MKGL.svs,,GTEX-1CB4H,GTEX-1CB4H,GTEx,Normal - not_sun_exposed,Diagnostic Slide,0,gtex_normal,0.161861,,,True,gtex,https://brd.nci.nih.gov/brd/imagedownload/GTEX-1CB4H-1126-SM-7MKGL
GTEX-1399U-1126-SM-5L3DB,GTEX-1399U-1126-SM-5L3DB.svs,,GTEX-1399U,GTEX-1399U,GTEx,Normal - not_sun_exposed,Diagnostic Slide,0,gtex_normal,0.164397,,,True,gtex,https://brd.nci.nih.gov/brd/imagedownload/GTEX-1399U-1126-SM-5L3DB
GTEX-13NZ9-2626-SM-5L3FK,GTEX-13NZ9-2626-SM-5L3FK.svs,,GTEX-13NZ9,GTEX-13NZ9,GTEx,Normal - not_sun_exposed,Diagnostic Slide,0,gtex_normal,0.169572,,,True,gtex,https://brd.nci.nih.gov/brd/imagedownload/GTEX-13NZ9-2626-SM-5L3FK
GTEX-1IY9M-2826-SM-ARU8H,GTEX-1IY9M-2826-SM-ARU8H.svs,,GTEX-1IY9M,GTEX-1IY9M,GTEx,Normal - not_sun_exposed,Diagnostic Slide,0,gtex_normal,0.171774,,,True,gtex,https://brd.nci.nih.gov/brd/imagedownload/GTEX-1IY9M-2826-SM-ARU8H
GTEX-1J1OQ-0126-SM-D4P2N,GTEX-1J1OQ-0126-SM-D4P2N.svs,,GTEX-1J1OQ,GTEX-1J1OQ,GTEx,Normal - not_sun_exposed,Diagnostic Slide,0,gtex_normal,0.186441,,,True,gtex,https://brd.nci.nih.gov/brd/imagedownload/GTEX-1J1OQ-0126-SM-D4P2N
GTEX-ZYY3-2926-SM-5GIEB,GTEX-ZYY3-2926-SM-5GIEB.svs,,GTEX-ZYY3,GTEX-ZYY3,GTEx,Normal - not_sun_exposed,Diagnostic Slide,0,gtex_normal,0.196685,,,True,gtex,https://brd.nci.nih.gov/brd/imagedownload/GTEX-ZYY3-2926-SM-5GIEB
GTEX-12696-0126-SM-5EQ4L,GTEX-12696-0126-SM-5EQ4L.svs,,GTEX-12696,GTEX-12696,GTEx,Normal - not_sun_exposed,Diagnostic Slide,0,gtex_normal,0.202352,,,True,gtex,https://brd.nci.nih.gov/brd/imagedownload/GTEX-12696-0126-SM-5EQ4L
GTEX-ZXG5-2126-SM-59HKD,GTEX-ZXG5-2126-SM-59HKD.svs,,GTEX-ZXG5,GTEX-ZXG5,GTEx,Normal - not_sun_exposed,Diagnostic Slide,0,gtex_normal,0.206435,,,True,gtex,https://brd.nci.nih.gov/brd/imagedownload/GTEX-ZXG5-2126-SM-59HKD
GTEX-Y5V6-2326-SM-4VDSA,GTEX-Y5V6-2326-SM-4VDSA.svs,,GTEX-Y5V6,GTEX-Y5V6,GTEx,Normal - not_sun_exposed,Diagnostic Slide,0,gtex_normal,0.215598,,,True,gtex,https://brd.nci.nih.gov/brd/imagedownload/GTEX-Y5V6-2326-SM-4VDSA
GTEX-148VJ-0626-SM-5LUAW,GTEX-148VJ-0626-SM-5LUAW.svs,,GTEX-148VJ,GTEX-148VJ,GTEx,Normal - not_sun_exposed,Diagnostic Slide,0,gtex_normal,0.226361,,,True,gtex,https://brd.nci.nih.gov/brd/imagedownload/GTEX-148VJ-0626-SM-5LUAW
GTEX-13FH7-1126-SM-5K7UG,GTEX-13FH7-1126-SM-5K7UG.svs,,GTEX-13FH7,GTEX-13FH7,GTEx,Normal - not_sun_exposed,Diagnostic Slide,0,gtex_normal,0.229278,,,True,gtex,https://brd.nci.nih.gov/brd/imagedownload/GTEX-13FH7-1126-SM-5K7UG
GTEX-1S5VW-0626-SM-G8OML,GTEX-1S5VW-0626-SM-G8OML.svs,,GTEX-1S5VW,GTEX-1S5VW,GTEx,Normal - not_sun_exposed,Diagnostic Slide,0,gtex_normal,0.244353,,,True,gtex,https://brd.nci.nih.gov/brd/imagedownload/GTEX-1S5VW-0626-SM-G8OML
GTEX-1JJ6O-2726-SM-CNPOG,GTEX-1JJ6O-2726-SM-CNPOG.svs,,GTEX-1JJ6O,GTEX-1JJ6O,GTEx,Normal - not_sun_exposed,Diagnostic Slide,0,gtex_normal,0.262958,,,True,gtex,https://brd.nci.nih.gov/brd/imagedownload/GTEX-1JJ6O-2726-SM-CNPOG
GTEX-13OW8-1026-SM-5J1NQ,GTEX-13OW8-1026-SM-5J1NQ.svs,,GTEX-13OW8,GTEX-13OW8,GTEx,Normal - not_sun_exposed,Diagnostic Slide,0,gtex_normal,0.275215,,,True,gtex,https://brd.nci.nih.gov/brd/imagedownload/GTEX-13OW8-1026-SM-5J1NQ
GTEX-11O72-0626-SM-5PNYE,GTEX-11O72-0626-SM-5PNYE.svs,,GTEX-11O72,GTEX-11O72,GTEx,Normal - not_sun_exposed,Diagnostic Slide,0,gtex_normal,0.298609,,,True,gtex,https://brd.nci.nih.gov/brd/imagedownload/GTEX-11O72-0626-SM-5PNYE
GTEX-1A8FM-0626-SM-7PC25,GTEX-1A8FM-0626-SM-7PC25.svs,,GTEX-1A8FM,GTEX-1A8FM,GTEx,Normal - not_sun_exposed,Diagnostic Slide,0,gtex_normal,0.345957,,,True,gtex,https://brd.nci.nih.gov/brd/imagedownload/GTEX-1A8FM-0626-SM-7PC25
GTEX-1GMRU-2126-SM-7P8RA,GTEX-1GMRU-2126-SM-7P8RA.svs,,GTEX-1GMRU,GTEX-1GMRU,GTEx,Normal - not_sun_exposed,Diagnostic Slide,0,gtex_normal,0.377482,,,True,gtex,https://brd.nci.nih.gov/brd/imagedownload/GTEX-1GMRU-2126-SM-7P8RA
GTEX-1OJC4-2726-SM-E76PJ,GTEX-1OJC4-2726-SM-E76PJ.svs,,GTEX-1OJC4,GTEX-1OJC4,GTEx,Normal - not_sun_exposed,Diagnostic Slide,0,gtex_normal,0.424005,,,True,gtex,https://brd.nci.nih.gov/brd/imagedownload/GTEX-1OJC4-2726-SM-E76PJ
GTEX-XXEK-1626-SM-4BRUZ,GTEX-XXEK-1626-SM-4BRUZ.svs,,GTEX-XXEK,GTEX-XXEK,GTEx,Normal - not_sun_exposed,Diagnostic Slide,0,gtex_normal,0.470574,,,True,gtex,https://brd.nci.nih.gov/brd/imagedownload/GTEX-XXEK-1626-SM-4BRUZ
GTEX-144GN-1726-SM-GI4XM,GTEX-144GN-1726-SM-GI4XM.svs,,GTEX-144GN,GTEX-144GN,GTEx,Normal - not_sun_exposed,Diagnostic Slide,0,gtex_normal,0.515823,,,True,gtex,https://brd.nci.nih.gov/brd/imagedownload/GTEX-144GN-1726-SM-GI4XM
GTEX-14LZ3-0126-SM-69LPM,GTEX-14LZ3-0126-SM-69LPM.svs,,GTEX-14LZ3,GTEX-14LZ3,GTEx,Normal - not_sun_exposed,Diagnostic Slide,0,gtex_normal,0.613042,,,True,gtex,https://brd.nci.nih.gov/brd/imagedownload/GTEX-14LZ3-0126-SM-69LPM
GTEX-13N2G-0226-SM-5K7VF,GTEX-13N2G-0226-SM-5K7VF.svs,,GTEX-13N2G,GTEX-13N2G,GTEx,Normal - not_sun_exposed,Diagnostic Slide,0,gtex_normal,0.666126,,,True,gtex,https://brd.nci.nih.gov/brd/imagedownload/GTEX-13N2G-0226-SM-5K7VF
GTEX-13OW5-2326-SM-5L3HO,GTEX-13OW5-2326-SM-5L3HO.svs,,GTEX-13OW5,GTEX-13OW5,GTEx,Normal - not_sun_exposed,Diagnostic Slide,0,gtex_normal,1.02339,,,True,gtex,https://brd.nci.nih.gov/brd/imagedownload/GTEX-13OW5-2326-SM-5L3HO
GTEX-13YAN-0226-SM-5TDC6,GTEX-13YAN-0226-SM-5TDC6.svs,,GTEX-13YAN,GTEX-13YAN,GTEx,Normal - not_sun_exposed,Diagnostic Slide,0,gtex_normal,3.62858,,,True,gtex,https://brd.nci.nih.gov/brd/imagedownload/GTEX-13YAN-0226-SM-5TDC6
TENX158,TENX158.tif,,TENX158,TENX158,FFPE Human Skin Primary Dermal Melanoma with 5K Human Pan Tissue and Pathways Panel,Cancer,Xenium,0,hest_visium,2316.154814688429,,,True,hest_pseudobulk,hf://datasets/MahmoodLab/hest/wsis/TENX158.tif
ZEN81,ZEN81.tif,,ZEN81,ZEN81,Nextflow Pipeline for Visium and H&E Data from Patient-Derived Xenograft Samples,Cancer,Visium,0,hest_visium,575.5037969524096,,,True,hest_pseudobulk,hf://datasets/MahmoodLab/hest/wsis/ZEN81.tif
ZEN80,ZEN80.tif,,ZEN80,ZEN80,Nextflow Pipeline for Visium and H&E Data from Patient-Derived Xenograft Samples,Cancer,Visium,0,hest_visium,556.5975143301592,,,True,hest_pseudobulk,hf://datasets/MahmoodLab/hest/wsis/ZEN80.tif
ZEN79,ZEN79.tif,,ZEN79,ZEN79,Nextflow Pipeline for Visium and H&E Data from Patient-Derived Xenograft Samples,Cancer,Visium,0,hest_visium,544.0495038835514,,,True,hest_pseudobulk,hf://datasets/MahmoodLab/hest/wsis/ZEN79.tif
ZEN78,ZEN78.tif,,ZEN78,ZEN78,Nextflow Pipeline for Visium and H&E Data from Patient-Derived Xenograft Samples,Cancer,Visium,0,hest_visium,540.4945579015616,,,True,hest_pseudobulk,hf://datasets/MahmoodLab/hest/wsis/ZEN78.tif
TENX123,TENX123.tif,,TENX123,TENX123,Human Skin Data with Xenium Human Multi-Tissue and Cancer Panel,Healthy,Xenium,0,hest_visium,,,,False,hest_missing,hf://datasets/MahmoodLab/hest/wsis/TENX123.tif
TENX122,TENX122.tif,,TENX122,TENX122,Human Skin Data with Xenium Human Multi-Tissue and Cancer Panel,Healthy,Xenium,0,hest_visium,,,,False,hest_missing,hf://datasets/MahmoodLab/hest/wsis/TENX122.tif
TENX117,TENX117.tif,,TENX117,TENX117,Human Skin Preview Data (Xenium Human Skin Gene Expression Panel with Custom Add-On),Cancer,Xenium,0,hest_visium,,,,False,hest_missing,hf://datasets/MahmoodLab/hest/wsis/TENX117.tif
TENX115,TENX115.tif,,TENX115,TENX115,Human Skin Preview Data (Xenium Human Skin Gene Expression Panel),Cancer,Xenium,0,hest_visium,,,,False,hest_missing,hf://datasets/MahmoodLab/hest/wsis/TENX115.tif
ZEN65,ZEN65.tif,,ZEN65,ZEN65,Demo 10x Visium dataset for STQ,Cancer,Visium,0,hest_visium,582.4843670109576,,,True,hest_pseudobulk,hf://datasets/MahmoodLab/hest/wsis/ZEN65.tif
MEND40,MEND40.tif,,MEND40,MEND40,Human squamous cell carcinoma,Cancer,Visium,0,hest_visium,0.5621218808120328,,,True,hest_pseudobulk,hf://datasets/MahmoodLab/hest/wsis/MEND40.tif
MEND39,MEND39.tif,,MEND39,MEND39,Human squamous cell carcinoma,Cancer,Visium,0,hest_visium,0.1358813071346926,,,True,hest_pseudobulk,hf://datasets/MahmoodLab/hest/wsis/MEND39.tif
MEND38,MEND38.tif,,MEND38,MEND38,Human squamous cell carcinoma,Cancer,Visium,0,hest_visium,0.2150423870049025,,,True,hest_pseudobulk,hf://datasets/MahmoodLab/hest/wsis/MEND38.tif
MEND37,MEND37.tif,,MEND37,MEND37,Human squamous cell carcinoma,Cancer,Visium,0,hest_visium,0.5135131850501249,,,True,hest_pseudobulk,hf://datasets/MahmoodLab/hest/wsis/MEND37.tif
NCBI770,NCBI770.tif,,NCBI770,NCBI770,Single Cell and Spatial Analysis of Human Squamous Cell Carcinoma [ST],Cancer,Spatial Transcriptomics,0,hest_visium,0.3334425357637959,,,True,hest_pseudobulk,hf://datasets/MahmoodLab/hest/wsis/NCBI770.tif
NCBI769,NCBI769.tif,,NCBI769,NCBI769,Single Cell and Spatial Analysis of Human Squamous Cell Carcinoma [ST],Cancer,Spatial Transcriptomics,0,hest_visium,0.1401208233835872,,,True,hest_pseudobulk,hf://datasets/MahmoodLab/hest/wsis/NCBI769.tif
NCBI768,NCBI768.tif,,NCBI768,NCBI768,Single Cell and Spatial Analysis of Human Squamous Cell Carcinoma [ST],Cancer,Spatial Transcriptomics,0,hest_visium,,,,False,hest_missing,hf://datasets/MahmoodLab/hest/wsis/NCBI768.tif
NCBI767,NCBI767.tif,,NCBI767,NCBI767,Single Cell and Spatial Analysis of Human Squamous Cell Carcinoma [ST],Cancer,Spatial Transcriptomics,0,hest_visium,8.656103815538428,,,True,hest_pseudobulk,hf://datasets/MahmoodLab/hest/wsis/NCBI767.tif
NCBI766,NCBI766.tif,,NCBI766,NCBI766,Single Cell and Spatial Analysis of Human Squamous Cell Carcinoma [ST],Cancer,Spatial Transcriptomics,0,hest_visium,10.896444776817871,,,True,hest_pseudobulk,hf://datasets/MahmoodLab/hest/wsis/NCBI766.tif
NCBI765,NCBI765.tif,,NCBI765,NCBI765,Single Cell and Spatial Analysis of Human Squamous Cell Carcinoma [ST],Cancer,Spatial Transcriptomics,0,hest_visium,23.95287606973545,,,True,hest_pseudobulk,hf://datasets/MahmoodLab/hest/wsis/NCBI765.tif
NCBI764,NCBI764.tif,,NCBI764,NCBI764,Single Cell and Spatial Analysis of Human Squamous Cell Carcinoma [ST],Cancer,Spatial Transcriptomics,0,hest_visium,,,,False,hest_missing,hf://datasets/MahmoodLab/hest/wsis/NCBI764.tif
NCBI763,NCBI763.tif,,NCBI763,NCBI763,Single Cell and Spatial Analysis of Human Squamous Cell Carcinoma [ST],Cancer,Spatial Transcriptomics,0,hest_visium,0.5546413217768268,,,True,hest_pseudobulk,hf://datasets/MahmoodLab/hest/wsis/NCBI763.tif
NCBI762,NCBI762.tif,,NCBI762,NCBI762,Single Cell and Spatial Analysis of Human Squamous Cell Carcinoma [ST],Cancer,Spatial Transcriptomics,0,hest_visium,,,,False,hest_missing,hf://datasets/MahmoodLab/hest/wsis/NCBI762.tif
NCBI761,NCBI761.tif,,NCBI761,NCBI761,Single Cell and Spatial Analysis of Human Squamous Cell Carcinoma [ST],Cancer,Spatial Transcriptomics,0,hest_visium,0.9430946140809684,,,True,hest_pseudobulk,hf://datasets/MahmoodLab/hest/wsis/NCBI761.tif
NCBI760,NCBI760.tif,,NCBI760,NCBI760,Single Cell and Spatial Analysis of Human Squamous Cell Carcinoma [ST],Cancer,Spatial Transcriptomics,0,hest_visium,,,,False,hest_missing,hf://datasets/MahmoodLab/hest/wsis/NCBI760.tif
NCBI759,NCBI759.tif,,NCBI759,NCBI759,Single Cell and Spatial Analysis of Human Squamous Cell Carcinoma [ST],Cancer,Spatial Transcriptomics,0,hest_visium,2.086611051526773,,,True,hest_pseudobulk,hf://datasets/MahmoodLab/hest/wsis/NCBI759.tif
NCBI689,NCBI689.tif,,NCBI689,NCBI689,A cellular hierarchy in melanoma uncouples growth and metastasis,Cancer,Visium,0,hest_visium,,,,False,hest_missing,hf://datasets/MahmoodLab/hest/wsis/NCBI689.tif
NCBI688,NCBI688.tif,,NCBI688,NCBI688,A cellular hierarchy in melanoma uncouples growth and metastasis,Cancer,Visium,0,hest_visium,,,,False,hest_missing,hf://datasets/MahmoodLab/hest/wsis/NCBI688.tif
NCBI687,NCBI687.tif,,NCBI687,NCBI687,A cellular hierarchy in melanoma uncouples growth and metastasis,Cancer,Visium,0,hest_visium,,,,False,hest_missing,hf://datasets/MahmoodLab/hest/wsis/NCBI687.tif
NCBI526,NCBI526.tif,,NCBI526,NCBI526,Spatial transcriptomics landscape of non-communicable inflammatory skin diseases,Diseased,Visium,0,hest_visium,2.781436138921609,,,True,hest_pseudobulk,hf://datasets/MahmoodLab/hest/wsis/NCBI526.tif
NCBI525,NCBI525.tif,,NCBI525,NCBI525,Spatial transcriptomics landscape of non-communicable inflammatory skin diseases,Diseased,Visium,0,hest_visium,3.282940201244234,,,True,hest_pseudobulk,hf://datasets/MahmoodLab/hest/wsis/NCBI525.tif
NCBI524,NCBI524.tif,,NCBI524,NCBI524,Spatial transcriptomics landscape of non-communicable inflammatory skin diseases,Diseased,Visium,0,hest_visium,1.2285146438945551,,,True,hest_pseudobulk,hf://datasets/MahmoodLab/hest/wsis/NCBI524.tif
NCBI523,NCBI523.tif,,NCBI523,NCBI523,Spatial transcriptomics landscape of non-communicable inflammatory skin diseases,Diseased,Visium,0,hest_visium,1.246210274555078,,,True,hest_pseudobulk,hf://datasets/MahmoodLab/hest/wsis/NCBI523.tif
NCBI522,NCBI522.tif,,NCBI522,NCBI522,Spatial transcriptomics landscape of non-communicable inflammatory skin diseases,Diseased,Visium,0,hest_visium,0.0,,,True,hest_pseudobulk,hf://datasets/MahmoodLab/hest/wsis/NCBI522.tif
NCBI521,NCBI521.tif,,NCBI521,NCBI521,Spatial transcriptomics landscape of non-communicable inflammatory skin diseases,Diseased,Visium,0,hest_visium,0.0,,,True,hest_pseudobulk,hf://datasets/MahmoodLab/hest/wsis/NCBI521.tif
NCBI520,NCBI520.tif,,NCBI520,NCBI520,Spatial transcriptomics landscape of non-communicable inflammatory skin diseases,Diseased,Visium,0,hest_visium,0.0,,,True,hest_pseudobulk,hf://datasets/MahmoodLab/hest/wsis/NCBI520.tif
NCBI519,NCBI519.tif,,NCBI519,NCBI519,Spatial transcriptomics landscape of non-communicable inflammatory skin diseases,Diseased,Visium,0,hest_visium,0.0,,,True,hest_pseudobulk,hf://datasets/MahmoodLab/hest/wsis/NCBI519.tif
NCBI518,NCBI518.tif,,NCBI518,NCBI518,Spatial transcriptomics landscape of non-communicable inflammatory skin diseases,Diseased,Visium,0,hest_visium,0.0,,,True,hest_pseudobulk,hf://datasets/MahmoodLab/hest/wsis/NCBI518.tif
NCBI517,NCBI517.tif,,NCBI517,NCBI517,Spatial transcriptomics landscape of non-communicable inflammatory skin diseases,Diseased,Visium,0,hest_visium,0.0,,,True,hest_pseudobulk,hf://datasets/MahmoodLab/hest/wsis/NCBI517.tif
NCBI516,NCBI516.tif,,NCBI516,NCBI516,Spatial transcriptomics landscape of non-communicable inflammatory skin diseases,Diseased,Visium,0,hest_visium,0.0,,,True,hest_pseudobulk,hf://datasets/MahmoodLab/hest/wsis/NCBI516.tif
NCBI515,NCBI515.tif,,NCBI515,NCBI515,Spatial transcriptomics landscape of non-communicable inflammatory skin diseases,Diseased,Visium,0,hest_visium,0.1384599706686398,,,True,hest_pseudobulk,hf://datasets/MahmoodLab/hest/wsis/NCBI515.tif
NCBI510,NCBI510.tif,,NCBI510,NCBI510,Spatial transcriptomics landscape of non-communicable inflammatory skin diseases,Diseased,Visium,0,hest_visium,1.904226907678319,,,True,hest_pseudobulk,hf://datasets/MahmoodLab/hest/wsis/NCBI510.tif
NCBI509,NCBI509.tif,,NCBI509,NCBI509,Spatial transcriptomics landscape of non-communicable inflammatory skin diseases,Diseased,Visium,0,hest_visium,0.5361208759571768,,,True,hest_pseudobulk,hf://datasets/MahmoodLab/hest/wsis/NCBI509.tif
NCBI508,NCBI508.tif,,NCBI508,NCBI508,Spatial transcriptomics landscape of non-communicable inflammatory skin diseases,Diseased,Visium,0,hest_visium,0.0,,,True,hest_pseudobulk,hf://datasets/MahmoodLab/hest/wsis/NCBI508.tif
NCBI507,NCBI507.tif,,NCBI507,NCBI507,Spatial transcriptomics landscape of non-communicable inflammatory skin diseases,Diseased,Visium,0,hest_visium,1.0741242396543038,,,True,hest_pseudobulk,hf://datasets/MahmoodLab/hest/wsis/NCBI507.tif
NCBI506,NCBI506.tif,,NCBI506,NCBI506,Spatial transcriptomics landscape of non-communicable inflammatory skin diseases,Diseased,Visium,0,hest_visium,0.0,,,True,hest_pseudobulk,hf://datasets/MahmoodLab/hest/wsis/NCBI506.tif
NCBI505,NCBI505.tif,,NCBI505,NCBI505,Spatial transcriptomics landscape of non-communicable inflammatory skin diseases,Diseased,Visium,0,hest_visium,0.0,,,True,hest_pseudobulk,hf://datasets/MahmoodLab/hest/wsis/NCBI505.tif
NCBI504,NCBI504.tif,,NCBI504,NCBI504,Spatial transcriptomics landscape of non-communicable inflammatory skin diseases,Diseased,Visium,0,hest_visium,0.2628596527913132,,,True,hest_pseudobulk,hf://datasets/MahmoodLab/hest/wsis/NCBI504.tif
NCBI503,NCBI503.tif,,NCBI503,NCBI503,Spatial transcriptomics landscape of non-communicable inflammatory skin diseases,Diseased,Visium,0,hest_visium,0.1413963668910509,,,True,hest_pseudobulk,hf://datasets/MahmoodLab/hest/wsis/NCBI503.tif
NCBI498,NCBI498.tif,,NCBI498,NCBI498,Spatial transcriptomics landscape of non-communicable inflammatory skin diseases,Diseased,Visium,0,hest_visium,0.2208973291303935,,,True,hest_pseudobulk,hf://datasets/MahmoodLab/hest/wsis/NCBI498.tif
NCBI497,NCBI497.tif,,NCBI497,NCBI497,Spatial transcriptomics landscape of non-communicable inflammatory skin diseases,Diseased,Visium,0,hest_visium,0.0,,,True,hest_pseudobulk,hf://datasets/MahmoodLab/hest/wsis/NCBI497.tif
NCBI496,NCBI496.tif,,NCBI496,NCBI496,Spatial transcriptomics landscape of non-communicable inflammatory skin diseases,Diseased,Visium,0,hest_visium,0.0,,,True,hest_pseudobulk,hf://datasets/MahmoodLab/hest/wsis/NCBI496.tif
NCBI495,NCBI495.tif,,NCBI495,NCBI495,Spatial transcriptomics landscape of non-communicable inflammatory skin diseases,Diseased,Visium,0,hest_visium,0.0,,,True,hest_pseudobulk,hf://datasets/MahmoodLab/hest/wsis/NCBI495.tif
NCBI494,NCBI494.tif,,NCBI494,NCBI494,Spatial transcriptomics landscape of non-communicable inflammatory skin diseases,Diseased,Visium,0,hest_visium,0.283055024198374,,,True,hest_pseudobulk,hf://datasets/MahmoodLab/hest/wsis/NCBI494.tif
NCBI493,NCBI493.tif,,NCBI493,NCBI493,Spatial transcriptomics landscape of non-communicable inflammatory skin diseases,Diseased,Visium,0,hest_visium,0.0,,,True,hest_pseudobulk,hf://datasets/MahmoodLab/hest/wsis/NCBI493.tif
NCBI492,NCBI492.tif,,NCBI492,NCBI492,Spatial transcriptomics landscape of non-communicable inflammatory skin diseases,Diseased,Visium,0,hest_visium,0.1053009221307052,,,True,hest_pseudobulk,hf://datasets/MahmoodLab/hest/wsis/NCBI492.tif
NCBI491,NCBI491.tif,,NCBI491,NCBI491,Spatial transcriptomics landscape of non-communicable inflammatory skin diseases,Diseased,Visium,0,hest_visium,0.0,,,True,hest_pseudobulk,hf://datasets/MahmoodLab/hest/wsis/NCBI491.tif
NCBI490,NCBI490.tif,,NCBI490,NCBI490,Spatial transcriptomics landscape of non-communicable inflammatory skin diseases,Diseased,Visium,0,hest_visium,0.0,,,True,hest_pseudobulk,hf://datasets/MahmoodLab/hest/wsis/NCBI490.tif
NCBI489,NCBI489.tif,,NCBI489,NCBI489,Spatial transcriptomics landscape of non-communicable inflammatory skin diseases,Diseased,Visium,0,hest_visium,0.0,,,True,hest_pseudobulk,hf://datasets/MahmoodLab/hest/wsis/NCBI489.tif
NCBI488,NCBI488.tif,,NCBI488,NCBI488,Spatial transcriptomics landscape of non-communicable inflammatory skin diseases,Diseased,Visium,0,hest_visium,0.0,,,True,hest_pseudobulk,hf://datasets/MahmoodLab/hest/wsis/NCBI488.tif
NCBI487,NCBI487.tif,,NCBI487,NCBI487,Spatial transcriptomics landscape of non-communicable inflammatory skin diseases,Diseased,Visium,0,hest_visium,0.0,,,True,hest_pseudobulk,hf://datasets/MahmoodLab/hest/wsis/NCBI487.tif
NCBI486,NCBI486.tif,,NCBI486,NCBI486,Spatial transcriptomics landscape of non-communicable inflammatory skin diseases,Diseased,Visium,0,hest_visium,0.0,,,True,hest_pseudobulk,hf://datasets/MahmoodLab/hest/wsis/NCBI486.tif
NCBI485,NCBI485.tif,,NCBI485,NCBI485,Spatial transcriptomics landscape of non-communicable inflammatory skin diseases,Diseased,Visium,0,hest_visium,0.0,,,True,hest_pseudobulk,hf://datasets/MahmoodLab/hest/wsis/NCBI485.tif
NCBI484,NCBI484.tif,,NCBI484,NCBI484,Spatial transcriptomics landscape of non-communicable inflammatory skin diseases,Diseased,Visium,0,hest_visium,0.5682242735749858,,,True,hest_pseudobulk,hf://datasets/MahmoodLab/hest/wsis/NCBI484.tif
NCBI483,NCBI483.tif,,NCBI483,NCBI483,Spatial transcriptomics landscape of non-communicable inflammatory skin diseases,Diseased,Visium,0,hest_visium,0.7967553995449465,,,True,hest_pseudobulk,hf://datasets/MahmoodLab/hest/wsis/NCBI483.tif
NCBI482,NCBI482.tif,,NCBI482,NCBI482,Spatial transcriptomics landscape of non-communicable inflammatory skin diseases,Diseased,Visium,0,hest_visium,0.0,,,True,hest_pseudobulk,hf://datasets/MahmoodLab/hest/wsis/NCBI482.tif
NCBI481,NCBI481.tif,,NCBI481,NCBI481,Spatial transcriptomics landscape of non-communicable inflammatory skin diseases,Diseased,Visium,0,hest_visium,0.0,,,True,hest_pseudobulk,hf://datasets/MahmoodLab/hest/wsis/NCBI481.tif
NCBI480,NCBI480.tif,,NCBI480,NCBI480,Spatial transcriptomics landscape of non-communicable inflammatory skin diseases,Diseased,Visium,0,hest_visium,0.0,,,True,hest_pseudobulk,hf://datasets/MahmoodLab/hest/wsis/NCBI480.tif
NCBI479,NCBI479.tif,,NCBI479,NCBI479,Spatial transcriptomics landscape of non-communicable inflammatory skin diseases,Diseased,Visium,0,hest_visium,0.450944203884501,,,True,hest_pseudobulk,hf://datasets/MahmoodLab/hest/wsis/NCBI479.tif
NCBI478,NCBI478.tif,,NCBI478,NCBI478,Spatial transcriptomics landscape of non-communicable inflammatory skin diseases,Diseased,Visium,0,hest_visium,0.0,,,True,hest_pseudobulk,hf://datasets/MahmoodLab/hest/wsis/NCBI478.tif
NCBI477,NCBI477.tif,,NCBI477,NCBI477,Spatial transcriptomics landscape of non-communicable inflammatory skin diseases,Diseased,Visium,0,hest_visium,0.0,,,True,hest_pseudobulk,hf://datasets/MahmoodLab/hest/wsis/NCBI477.tif
NCBI476,NCBI476.tif,,NCBI476,NCBI476,Spatial transcriptomics landscape of non-communicable inflammatory skin diseases,Diseased,Visium,0,hest_visium,0.2011902414685278,,,True,hest_pseudobulk,hf://datasets/MahmoodLab/hest/wsis/NCBI476.tif
NCBI475,NCBI475.tif,,NCBI475,NCBI475,Spatial transcriptomics landscape of non-communicable inflammatory skin diseases,Diseased,Visium,0,hest_visium,0.0,,,True,hest_pseudobulk,hf://datasets/MahmoodLab/hest/wsis/NCBI475.tif
NCBI474,NCBI474.tif,,NCBI474,NCBI474,Spatial transcriptomics landscape of non-communicable inflammatory skin diseases,Diseased,Visium,0,hest_visium,0.0,,,True,hest_pseudobulk,hf://datasets/MahmoodLab/hest/wsis/NCBI474.tif
NCBI473,NCBI473.tif,,NCBI473,NCBI473,Spatial transcriptomics landscape of non-communicable inflammatory skin diseases,Diseased,Visium,0,hest_visium,0.0,,,True,hest_pseudobulk,hf://datasets/MahmoodLab/hest/wsis/NCBI473.tif
NCBI472,NCBI472.tif,,NCBI472,NCBI472,Spatial transcriptomics landscape of non-communicable inflammatory skin diseases,Diseased,Visium,0,hest_visium,0.0,,,True,hest_pseudobulk,hf://datasets/MahmoodLab/hest/wsis/NCBI472.tif
NCBI471,NCBI471.tif,,NCBI471,NCBI471,Spatial transcriptomics landscape of non-communicable inflammatory skin diseases,Diseased,Visium,0,hest_visium,0.0,,,True,hest_pseudobulk,hf://datasets/MahmoodLab/hest/wsis/NCBI471.tif
NCBI470,NCBI470.tif,,NCBI470,NCBI470,Spatial transcriptomics landscape of non-communicable inflammatory skin diseases,Diseased,Visium,0,hest_visium,0.2021994446794451,,,True,hest_pseudobulk,hf://datasets/MahmoodLab/hest/wsis/NCBI470.tif
NCBI469,NCBI469.tif,,NCBI469,NCBI469,Spatial transcriptomics landscape of non-communicable inflammatory skin diseases,Diseased,Visium,0,hest_visium,0.3642565269305778,,,True,hest_pseudobulk,hf://datasets/MahmoodLab/hest/wsis/NCBI469.tif
NCBI468,NCBI468.tif,,NCBI468,NCBI468,Spatial transcriptomics landscape of non-communicable inflammatory skin diseases,Diseased,Visium,0,hest_visium,0.0683776019045076,,,True,hest_pseudobulk,hf://datasets/MahmoodLab/hest/wsis/NCBI468.tif
NCBI467,NCBI467.tif,,NCBI467,NCBI467,Spatial transcriptomics landscape of non-communicable inflammatory skin diseases,Diseased,Visium,0,hest_visium,0.0678932302913251,,,True,hest_pseudobulk,hf://datasets/MahmoodLab/hest/wsis/NCBI467.tif
NCBI466,NCBI466.tif,,NCBI466,NCBI466,Spatial transcriptomics landscape of non-communicable inflammatory skin diseases,Diseased,Visium,0,hest_visium,0.8651379678774272,,,True,hest_pseudobulk,hf://datasets/MahmoodLab/hest/wsis/NCBI466.tif
NCBI465,NCBI465.tif,,NCBI465,NCBI465,Spatial transcriptomics landscape of non-communicable inflammatory skin diseases,Diseased,Visium,0,hest_visium,1.2493792147026943,,,True,hest_pseudobulk,hf://datasets/MahmoodLab/hest/wsis/NCBI465.tif
NCBI464,NCBI464.tif,,NCBI464,NCBI464,Spatial transcriptomics landscape of non-communicable inflammatory skin diseases,Diseased,Visium,0,hest_visium,0.0866001908206338,,,True,hest_pseudobulk,hf://datasets/MahmoodLab/hest/wsis/NCBI464.tif
NCBI463,NCBI463.tif,,NCBI463,NCBI463,Spatial transcriptomics landscape of non-communicable inflammatory skin diseases,Diseased,Visium,0,hest_visium,0.133023627723268,,,True,hest_pseudobulk,hf://datasets/MahmoodLab/hest/wsis/NCBI463.tif
NCBI462,NCBI462.tif,,NCBI462,NCBI462,Spatial transcriptomics landscape of non-communicable inflammatory skin diseases,Diseased,Visium,0,hest_visium,0.2718152584038935,,,True,hest_pseudobulk,hf://datasets/MahmoodLab/hest/wsis/NCBI462.tif
NCBI461,NCBI461.tif,,NCBI461,NCBI461,Spatial transcriptomics landscape of non-communicable inflammatory skin diseases,Diseased,Visium,0,hest_visium,0.1715669454221037,,,True,hest_pseudobulk,hf://datasets/MahmoodLab/hest/wsis/NCBI461.tif
NCBI460,NCBI460.tif,,NCBI460,NCBI460,Spatial transcriptomics landscape of non-communicable inflammatory skin diseases,Diseased,Visium,0,hest_visium,0.0,,,True,hest_pseudobulk,hf://datasets/MahmoodLab/hest/wsis/NCBI460.tif
