fold,best_epoch,val_auc,val_acc,sensitivity,specificity,train_size,val_size
1,7,0.7916666666666667,0.7027027027027027,0.6875,0.7142857142857143,163,37
2,10,0.7738095238095238,0.6829268292682927,0.7142857142857143,0.65,159,41
3,11,0.7259615384615385,0.6666666666666666,0.6153846153846154,0.75,158,42
4,19,0.7075,0.6,0.55,0.65,160,40
5,9,0.7084398976982098,0.65,0.5882352941176471,0.6956521739130435,160,40
