{
  "model": "uni",
  "folds": 5,
  "epochs": 50,
  "lr": 0.0001,
  "weight_decay": 0.0001,
  "hidden_dim": 256,
  "attn_dim": 128,
  "dropout": 0.25,
  "patience": 10,
  "seed": 42,
  "entropy_lambda": 1e-05,
  "grad_clip": 1.0,
  "label_smoothing": 0.05,
  "num_slides": 200,
  "num_patients": 194,
  "mean_auc": 0.7414755253271877,
  "std_auc": 0.034787960358094214,
  "mean_acc": 0.6604592397275324,
  "std_acc": 0.034907163325657346,
  "mean_sensitivity": 0.6310811247575955,
  "std_sensitivity": 0.0612574691018829,
  "mean_specificity": 0.6919875776397515,
  "std_specificity": 0.03847594225991205,
  "pooled_auc": 0.7338999999999999
}